ID;Status;Uptime;Country;Location;Ships;Distinct;Contributor;ships_rel;cum_ships_rel;dist_rel;
2213;;100 %; Unknown;Worldwide;4171;2148; ;4,37 %;4,37 %;8,14 %;8,14 %
2010;;100 %; Norway; ;3026;2174; ;3,17 %;7,55 %;8,24 %;16,39 %
2077;;100 %; Netherlands;Harderwijk;1067;63; ;1,12 %;8,67 %;0,24 %;16,62 %
2241;;100 %; Netherlands;Gouda;988;200; ;1,04 %;9,70 %;0,76 %;17,38 %
3438;;99 %; Netherlands;Amsterdam;793;225; ;0,83 %;10,54 %;0,85 %;18,24 %
2404;;100 %; Unknown;Roaming stations;777;382; ;0,81 %;11,35 %;1,45 %;19,68 %
2945;;100 %; Netherlands;Rotterdam;757;18; ;0,79 %;12,14 %;0,07 %;19,75 %
3103;;100 %; Canada;Multiple Locations;724;0; ;0,76 %;12,90 %;0,00 %;19,75 %
3343;;100 %; Canada;Point Grey, BC;724;0; ;0,76 %;13,66 %;0,00 %;19,75 %
2902;;100 %; Singapore;Singapore;703;113; ;0,74 %;14,40 %;0,43 %;20,18 %
2141;;100 %; Norway;Multiple AIS stations;643;123; ;0,67 %;15,08 %;0,47 %;20,65 %
3131;;100 %; Greece;Elliniko;625;63; ;0,66 %;15,73 %;0,24 %;20,89 %
2134;;100 %; United States of America;Fort Lauderdale, FL;603;128; ;0,63 %;16,36 %;0,49 %;21,37 %
2145;;100 %; Belgium;Antwerp;594;292;Tresco Engineering;0,62 %;16,99 %;1,11 %;22,48 %
2097;;100 %; Netherlands;Hellevoetsluis;592;14;InterTransIS;0,62 %;17,61 %;0,05 %;22,53 %
3272;;100 %; Hong Kong;Tseung Kwan O;541;349; ;0,57 %;18,17 %;1,32 %;23,86 %
2517;;100 %; Brazil;Belem;519;289; ;0,54 %;18,72 %;1,10 %;24,95 %
2918;;100 %; Singapore;Singapore;466;26; ;0,49 %;19,21 %;0,10 %;25,05 %
2435;;100 %; Netherlands;Katwijk;456;40; ;0,48 %;19,69 %;0,15 %;25,20 %
3344;;100 %; Greece;Athens;437;5; ;0,46 %;20,14 %;0,02 %;25,22 %
2214;;100 %; Netherlands;Rotterdam;434;1; ;0,46 %;20,60 %;0,00 %;25,22 %
2323;;100 %; Netherlands;Marken;428;12; ;0,45 %;21,05 %;0,05 %;25,27 %
2118;;100 %; Greece;Alimos;426;2; ;0,45 %;21,50 %;0,01 %;25,28 %
3074;;100 %; Greece;Piraeus;420;2; ;0,44 %;21,94 %;0,01 %;25,28 %
2946;;100 %; Singapore;Singapore;415;12; ;0,44 %;22,37 %;0,05 %;25,33 %
2459;;100 %; Netherlands;Edam;393;21; ;0,41 %;22,78 %;0,08 %;25,41 %
2446;;100 %; Netherlands;IJmuiden;387;17; ;0,41 %;23,19 %;0,06 %;25,47 %
2577;;100 %; Germany;Hamburg;384;22; ;0,40 %;23,59 %;0,08 %;25,56 %
3332;;100 %; Russian Federation;Vladivostok;373;372; ;0,39 %;23,98 %;1,41 %;26,97 %
2698;;43 %; Netherlands;Arnemuiden Oranjeplaat;370;88; ;0,39 %;24,37 %;0,33 %;27,30 %
2997;;100 %; Singapore;Keppel Bay;365;22; ;0,38 %;24,75 %;0,08 %;27,38 %
3567;;100 %; Singapore;Singapore;362;71; ;0,38 %;25,13 %;0,27 %;27,65 %
2032;;100 %; Greece;Athens;347;2; ;0,36 %;25,50 %;0,01 %;27,66 %
3038;;100 %; Greece;Piraeus;346;0; ;0,36 %;25,86 %;0,00 %;27,66 %
3979;;100 %; Netherlands;Hellevoetsluis;341;3; ;0,36 %;26,22 %;0,01 %;27,67 %
3943;;100 %; Korea;Busan;335;215; ;0,35 %;26,57 %;0,82 %;28,49 %
3182;;47 %; United States of America;Seattle;320;41; ;0,34 %;26,91 %;0,16 %;28,64 %
3808;;100 %; Singapore;Singapore;319;64; ;0,33 %;27,24 %;0,24 %;28,89 %
2413;;81 %; Germany;Hamburg Alster;314;1;www.searoutes.com;0,33 %;27,57 %;0,00 %;28,89 %
2011;;100 %; Sweden;Gothenburg;307;0; ;0,32 %;27,89 %;0,00 %;28,89 %
2744;;100 %; United States of America;Seattle;305;15; ;0,32 %;28,21 %;0,06 %;28,95 %
2164;;100 %; Sweden;Goteborg, West Coast;304;0; ;0,32 %;28,53 %;0,00 %;28,95 %
2475;;100 %; Netherlands;Poortugaal;303;1; ;0,32 %;28,85 %;0,00 %;28,95 %
2672;;100 %; United States of America;Highlands;295;26; ;0,31 %;29,16 %;0,10 %;29,05 %
3857;;100 %; Germany;Hamburg;287;0; ;0,30 %;29,46 %;0,00 %;29,05 %
2484;;93 %; United States of America;Biscayne Bay PS - Miami FL;287;57;SEAiq;0,30 %;29,76 %;0,22 %;29,27 %
2292;;100 %; Belgium;Gent;285;188; ;0,30 %;30,06 %;0,71 %;29,98 %
2954;;100 %; France;Sophia Antipolis, MINES Paristech;284;58;MINES Paristech;0,30 %;30,36 %;0,22 %;30,20 %
2650;;100 %; United States of America;Sabine Pass, TX;280;81; ;0,29 %;30,65 %;0,31 %;30,51 %
2843;;100 %; United Kingdom;Gravesend;279;57;;0,29 %;30,94 %;0,22 %;30,72 %
2213;;100 %; Unknown;Worldwide;4171;2148; ;4,37 %;35,32 %;8,14 %;38,86 %
2010;;100 %; Norway; ;3026;2174; ;3,17 %;38,49 %;8,24 %;47,11 %
2077;;100 %; Netherlands;Harderwijk;1067;63; ;1,12 %;39,61 %;0,24 %;47,35 %
2241;;100 %; Netherlands;Gouda;988;200; ;1,04 %;40,65 %;0,76 %;48,10 %
3438;;99 %; Netherlands;Amsterdam;793;225; ;0,83 %;41,48 %;0,85 %;48,96 %
2404;;100 %; Unknown;Roaming stations;777;382; ;0,81 %;42,29 %;1,45 %;50,41 %
2945;;100 %; Netherlands;Rotterdam;757;18; ;0,79 %;43,09 %;0,07 %;50,47 %
3103;;100 %; Canada;Multiple Locations;724;0; ;0,76 %;43,85 %;0,00 %;50,47 %
3343;;100 %; Canada;Point Grey, BC;724;0; ;0,76 %;44,61 %;0,00 %;50,47 %
2902;;100 %; Singapore;Singapore;703;113; ;0,74 %;45,34 %;0,43 %;50,90 %
2141;;100 %; Norway;Multiple AIS stations;643;123; ;0,67 %;46,02 %;0,47 %;51,37 %
3131;;100 %; Greece;Elliniko;625;63; ;0,66 %;46,67 %;0,24 %;51,61 %
2134;;100 %; United States of America;Fort Lauderdale, FL;603;128; ;0,63 %;47,31 %;0,49 %;52,09 %
2145;;100 %; Belgium;Antwerp;594;292;Tresco Engineering;0,62 %;47,93 %;1,11 %;53,20 %
2097;;100 %; Netherlands;Hellevoetsluis;592;14;InterTransIS;0,62 %;48,55 %;0,05 %;53,25 %
3272;;100 %; Hong Kong;Tseung Kwan O;541;349; ;0,57 %;49,12 %;1,32 %;54,58 %
2517;;100 %; Brazil;Belem;519;289; ;0,54 %;49,66 %;1,10 %;55,67 %
2918;;100 %; Singapore;Singapore;466;26; ;0,49 %;50,15 %;0,10 %;55,77 %
2435;;100 %; Netherlands;Katwijk;456;40; ;0,48 %;50,63 %;0,15 %;55,92 %
3344;;100 %; Greece;Athens;437;5; ;0,46 %;51,09 %;0,02 %;55,94 %
2214;;100 %; Netherlands;Rotterdam;434;1; ;0,46 %;51,54 %;0,00 %;55,94 %
2323;;100 %; Netherlands;Marken;428;12; ;0,45 %;51,99 %;0,05 %;55,99 %
2118;;100 %; Greece;Alimos;426;2; ;0,45 %;52,44 %;0,01 %;56,00 %
3074;;100 %; Greece;Piraeus;420;2; ;0,44 %;52,88 %;0,01 %;56,01 %
2946;;100 %; Singapore;Singapore;415;12; ;0,44 %;53,31 %;0,05 %;56,05 %
2459;;100 %; Netherlands;Edam;393;21; ;0,41 %;53,73 %;0,08 %;56,13 %
2446;;100 %; Netherlands;IJmuiden;387;17; ;0,41 %;54,13 %;0,06 %;56,20 %
2577;;100 %; Germany;Hamburg;384;22; ;0,40 %;54,54 %;0,08 %;56,28 %
3332;;100 %; Russian Federation;Vladivostok;373;372; ;0,39 %;54,93 %;1,41 %;57,69 %
2698;;43 %; Netherlands;Arnemuiden Oranjeplaat;370;88; ;0,39 %;55,31 %;0,33 %;58,02 %
2997;;100 %; Singapore;Keppel Bay;365;22; ;0,38 %;55,70 %;0,08 %;58,11 %
3567;;100 %; Singapore;Singapore;362;71; ;0,38 %;56,08 %;0,27 %;58,38 %
2032;;100 %; Greece;Athens;347;2; ;0,36 %;56,44 %;0,01 %;58,38 %
3038;;100 %; Greece;Piraeus;346;0; ;0,36 %;56,80 %;0,00 %;58,38 %
3979;;100 %; Netherlands;Hellevoetsluis;341;3; ;0,36 %;57,16 %;0,01 %;58,39 %
3943;;100 %; Korea;Busan;335;215; ;0,35 %;57,51 %;0,82 %;59,21 %
3182;;47 %; United States of America;Seattle;320;41; ;0,34 %;57,85 %;0,16 %;59,36 %
3808;;100 %; Singapore;Singapore;319;64; ;0,33 %;58,18 %;0,24 %;59,61 %
2413;;81 %; Germany;Hamburg Alster;314;1;www.searoutes.com;0,33 %;58,51 %;0,00 %;59,61 %
2011;;100 %; Sweden;Gothenburg;307;0; ;0,32 %;58,83 %;0,00 %;59,61 %
2744;;100 %; United States of America;Seattle;305;15; ;0,32 %;59,15 %;0,06 %;59,67 %
2164;;100 %; Sweden;Goteborg, West Coast;304;0; ;0,32 %;59,47 %;0,00 %;59,67 %
2475;;100 %; Netherlands;Poortugaal;303;1; ;0,32 %;59,79 %;0,00 %;59,67 %
2672;;100 %; United States of America;Highlands;295;26; ;0,31 %;60,10 %;0,10 %;59,77 %
3857;;100 %; Germany;Hamburg;287;0; ;0,30 %;60,40 %;0,00 %;59,77 %
2484;;93 %; United States of America;Biscayne Bay PS - Miami FL;287;57;SEAiq;0,30 %;60,70 %;0,22 %;59,99 %
2292;;100 %; Belgium;Gent;285;188; ;0,30 %;61,00 %;0,71 %;60,70 %
2954;;100 %; France;Sophia Antipolis, MINES Paristech;284;58;MINES Paristech;0,30 %;61,30 %;0,22 %;60,92 %
2650;;100 %; United States of America;Sabine Pass, TX;280;81; ;0,29 %;61,59 %;0,31 %;61,23 %
2843;;100 %; United Kingdom;Gravesend;279;57;;0,29 %;61,89 %;0,22 %;61,44 %
2249;;100 %; United States of America;San Diego;183;46; ;0,19 %;62,08 %;0,17 %;61,62 %
3715;;100 %; Spain;Valencia;182;60; ;0,19 %;62,27 %;0,23 %;61,84 %
3029;;100 %; Netherlands;Rockanje;181;12; ;0,19 %;62,46 %;0,05 %;61,89 %
2724;;100 %; Australia;North Ryde, NSW;180;59; ;0,19 %;62,65 %;0,22 %;62,11 %
3665;;100 %; Sweden;Stockholm;180;78; ;0,19 %;62,84 %;0,30 %;62,41 %
3681;;100 %; United States of America;Seattle;175;0; ;0,18 %;63,02 %;0,00 %;62,41 %
2981;;100 %; Belgium;Oostende;171;0; ;0,18 %;63,20 %;0,00 %;62,41 %
2270;;100 %; Saint Martin (FR);Simpson Bay;171;9; ;0,18 %;63,38 %;0,03 %;62,44 %
3240;;86 %; Netherlands;Huizen;169;22; ;0,18 %;63,56 %;0,08 %;62,53 %
2726;;100 %; United States of America;Seattle;169;0; ;0,18 %;63,73 %;0,00 %;62,53 %
3965;;100 %; Italy;Genoa;168;11; ;0,18 %;63,91 %;0,04 %;62,57 %
3443;;100 %; United States of America;Seattle;166;0; ;0,17 %;64,08 %;0,00 %;62,57 %
2178;;100 %; France;Rouen;163;0; ;0,17 %;64,25 %;0,00 %;62,57 %
2737;;100 %; Germany;Hamburg;162;1; ;0,17 %;64,42 %;0,00 %;62,57 %
2831;;96 %; Netherlands;Delft;162;0; ;0,17 %;64,59 %;0,00 %;62,57 %
2602;;100 %; Spain;Castelldefels;161;51; ;0,17 %;64,76 %;0,19 %;62,77 %
3455;;100 %; United States of America;Los Angeles;158;78; ;0,17 %;64,93 %;0,30 %;63,06 %
2112;;100 %; Netherlands;Harlingen;157;83; ;0,16 %;65,09 %;0,31 %;63,38 %
3984;;100 %; Norway;Tromsoe;156;28; ;0,16 %;65,26 %;0,11 %;63,48 %
2489;;100 %; Italy;Genoa;156;5; ;0,16 %;65,42 %;0,02 %;63,50 %
3459;;100 %; Belgium;Oostende;156;3;Flanders Marine Institute;0,16 %;65,58 %;0,01 %;63,51 %
2857;;100 %; Canada;Vancouver;153;0; ;0,16 %;65,74 %;0,00 %;63,51 %
2372;;100 %; Canada;Vancouver;153;3; ;0,16 %;65,91 %;0,01 %;63,52 %
2355;;100 %; Sweden;Torslanda, Gothenburg ;151;20; ;0,16 %;66,06 %;0,08 %;63,60 %
3632;;100 %; Singapore;Singapore;151;2; ;0,16 %;66,22 %;0,01 %;63,61 %
3392;;100 %; Germany;Lienen;148;19; ;0,16 %;66,38 %;0,07 %;63,68 %
3335;;100 %; Netherlands;Genderen;146;48; ;0,15 %;66,53 %;0,18 %;63,86 %
2029;;91 %; Netherlands;Den Oever;145;74; ;0,15 %;66,68 %;0,28 %;64,14 %
2541;;94 %; Viet Nam;Haiphong;144;72; ;0,15 %;66,83 %;0,27 %;64,41 %
2797;;100 %; United States of America;Signal Hill;144;8; ;0,15 %;66,98 %;0,03 %;64,44 %
2338;;100 %; United Arab Emirates;Ansam;144;109; ;0,15 %;67,14 %;0,41 %;64,86 %
2426;;100 %; United States of America;San Francisco Bay;143;33; ;0,15 %;67,29 %;0,13 %;64,98 %
2955;;100 %; Canada;Bowen Island;143;0; ;0,15 %;67,44 %;0,00 %;64,98 %
2042;;100 %; Canada;Vancouver;142;4; ;0,15 %;67,58 %;0,02 %;65,00 %
3824;;82 %; United States of America;Miami, FL;142;0; ;0,15 %;67,73 %;0,00 %;65,00 %
3203;;100 %; Greece;Athens;142;9; ;0,15 %;67,88 %;0,03 %;65,03 %
2460;;100 %; Denmark;Nivå;141;13; ;0,15 %;68,03 %;0,05 %;65,08 %
2940;;87 %; Australia;Thornlands, Queensland;140;24; ;0,15 %;68,18 %;0,09 %;65,17 %
2505;;100 %; Sweden;Göteborg;140;0; ;0,15 %;68,32 %;0,00 %;65,17 %
3023;;100 %; Netherlands;Rozenburg;140;0; ;0,15 %;68,47 %;0,00 %;65,17 %
3135;;100 %; Netherlands;Koog aan de Zaan;139;7; ;0,15 %;68,62 %;0,03 %;65,20 %
3354;;100 %; Australia;Port Hedland;139;60; ;0,15 %;68,76 %;0,23 %;65,43 %
2281;;100 %; Portugal;Sines;138;95; ;0,14 %;68,91 %;0,36 %;65,79 %
3377;;100 %; United Kingdom;Gosport;138;7; ;0,14 %;69,05 %;0,03 %;65,81 %
2221;;100 %; Norway;Stavanger;137;19; ;0,14 %;69,20 %;0,07 %;65,89 %
2610;;100 %; Germany;Kiel;137;39; ;0,14 %;69,34 %;0,15 %;66,03 %
3207;;100 %; Thailand;Bangkok;137;2; ;0,14 %;69,48 %;0,01 %;66,04 %
3537;;100 %; Poland;Bolesławiec;136;6; ;0,14 %;69,63 %;0,02 %;66,06 %
2305;;100 %; United States of America;Florida, Fort Lauderdale;136;1; ;0,14 %;69,77 %;0,00 %;66,07 %
3322;;100 %; Korea;Busan;135;8;;0,14 %;69,91 %;0,03 %;66,10 %
3836;;0 %; Indonesia;Batam;135;18; ;0,14 %;70,05 %;0,07 %;66,17 %
2443;;100 %; Netherlands;Julianadorp;134;9; ;0,14 %;70,19 %;0,03 %;66,20 %
3376;;100 %; United States of America;San Francisco;133;14; ;0,14 %;70,33 %;0,05 %;66,25 %
3412;;100 %; Netherlands;Rotterdam;133;0; ;0,14 %;70,47 %;0,00 %;66,25 %
2291;;100 %; Germany;Bremerhaven;132;2;North Sea Terminal Bremerhaven GmbH & Co.;0,14 %;70,61 %;0,01 %;66,26 %
2350;;100 %; Netherlands;Delfzijl;132;85; ;0,14 %;70,75 %;0,32 %;66,58 %
3317;;100 %; Netherlands;Veere;132;8;Marina Veere B.V.;0,14 %;70,89 %;0,03 %;66,61 %
2102;;100 %; France;Antibes;130;0; ;0,14 %;71,02 %;0,00 %;66,61 %
2278;;100 %; Argentina;Mar del Plata;130;130; ;0,14 %;71,16 %;0,49 %;67,11 %
2035;;100 %; United States of America;Seattle;130;119;Shine Micro;0,14 %;71,30 %;0,45 %;67,56 %
3673;;100 %; Spain;Barcelona;130;39; ;0,14 %;71,43 %;0,15 %;67,71 %
2087;;100 %; Germany;Duisburg;128;111; ;0,13 %;71,57 %;0,42 %;68,13 %
3142;;100 %; Unknown;Roaming station;128;0; ;0,13 %;71,70 %;0,00 %;68,13 %
2076;;100 %; Spain;Murcia;126;89;Localiz;0,13 %;71,83 %;0,34 %;68,46 %
3358;;100 %; Sweden;Gothenburg;126;0; ;0,13 %;71,96 %;0,00 %;68,46 %
3299;;97 %; Netherlands;Zwijndrecht;126;20; ;0,13 %;72,10 %;0,08 %;68,54 %
2457;;100 %; Germany;Madgeburg;126;18; ;0,13 %;72,23 %;0,07 %;68,61 %
2464;;100 %; Germany;Wentorf;125;0; ;0,13 %;72,36 %;0,00 %;68,61 %
2369;;100 %; United States of America;Seattle;125;2; ;0,13 %;72,49 %;0,01 %;68,62 %
3046;;91 %; Taiwan (Province of China);Keelung, National Taiwan Ocean University;124;124; ;0,13 %;72,62 %;0,47 %;69,09 %
2384;;100 %; Norway;Kristiansund;123;16; ;0,13 %;72,75 %;0,06 %;69,15 %
2388;;100 %; Finland;Finland;122;75;Pocket Mariner;0,13 %;72,88 %;0,28 %;69,43 %
2963;;92 %; United States of America;Anacortes, WA;121;4;CleverKathy Designs;0,13 %;73,01 %;0,02 %;69,45 %
2554;;100 %; Netherlands;Gorinchem;121;26; ;0,13 %;73,13 %;0,10 %;69,54 %
2512;;100 %; Canada;Quadra Island;121;62; ;0,13 %;73,26 %;0,24 %;69,78 %
2747;;100 %; Germany;Wilhelmshaven;121;15; ;0,13 %;73,39 %;0,06 %;69,84 %
3682;;100 %; France;UK;120;14; ;0,13 %;73,51 %;0,05 %;69,89 %
3630;;89 %; Australia;Cape Lambert;120;42; ;0,13 %;73,64 %;0,16 %;70,05 %
2523;;100 %; Netherlands;Middenbeemster;118;0; ;0,12 %;73,76 %;0,00 %;70,05 %
2139;;100 %; Denmark;Islands Brygge;117;34; ;0,12 %;73,88 %;0,13 %;70,18 %
3400;;100 %; Philippines;Paranaque;117;114; ;0,12 %;74,01 %;0,43 %;70,61 %
3597;;100 %; United States of America;Hampton Virginia;117;61; ;0,12 %;74,13 %;0,23 %;70,84 %
3198;;100 %; Norway;Jeloy, Moss;117;9; ;0,12 %;74,25 %;0,03 %;70,88 %
3428;;100 %; Spain;Valencia;117;0; ;0,12 %;74,37 %;0,00 %;70,88 %
2950;;76 %; United States of America;Anacortes, WA;115;4; ;0,12 %;74,50 %;0,02 %;70,89 %
2770;;100 %; New Zealand;Marlborough Sounds;114;88; ;0,12 %;74,62 %;0,33 %;71,22 %
3479;;100 %; United States of America;San Diego;111;15; ;0,12 %;74,73 %;0,06 %;71,28 %
2473;;100 %; Norway;Oslofjord, Fulehuk Lighthouse;111;13; ;0,12 %;74,85 %;0,05 %;71,33 %
2481;;100 %; Finland;Vaasa;109;3; ;0,11 %;74,96 %;0,01 %;71,34 %
2975;;100 %; Turkey;Fethiye;109;97; ;0,11 %;75,08 %;0,37 %;71,71 %
2335;;100 %; France;Le Havre;109;2; ;0,11 %;75,19 %;0,01 %;71,72 %
3933;;100 %; United Kingdom;Bursledon, Solent;108;4; ;0,11 %;75,30 %;0,02 %;71,73 %
2886;;100 %; Netherlands;Maassluis;108;0; ;0,11 %;75,42 %;0,00 %;71,73 %
2093;;100 %; France;Rouen;107;2; ;0,11 %;75,53 %;0,01 %;71,74 %
2559;;100 %; Netherlands;Nijmegen;107;3; ;0,11 %;75,64 %;0,01 %;71,75 %
2334;;93 %; Russian Federation;Ust-Luga;107;91; ;0,11 %;75,75 %;0,35 %;72,10 %
2912;;82 %; Belgium;Zeebruge;105;16;dotOcean;0,11 %;75,86 %;0,06 %;72,16 %
2731;;100 %; Ukraine;Kyiv;104;0; ;0,11 %;75,97 %;0,00 %;72,16 %
2649;;100 %; United Kingdom;Southampton;103;5; ;0,11 %;76,08 %;0,02 %;72,18 %
2163;;100 %; Australia;Koumala;102;59;;0,11 %;76,19 %;0,22 %;72,40 %
2117;;100 %; Indonesia;Bintulu, Sarawak;101;101; ;0,11 %;76,29 %;0,38 %;72,78 %
3168;;98 %; Poland;Gdańsk;101;5; ;0,11 %;76,40 %;0,02 %;72,80 %
2757;;100 %; United States of America;New Orleans;100;100; ;0,10 %;76,51 %;0,38 %;73,18 %
2018;;100 %; United Kingdom;Cowes;100;15; ;0,10 %;76,61 %;0,06 %;73,24 %
3269;;100 %; Netherlands;Bergen op Zoom;100;16; ;0,10 %;76,71 %;0,06 %;73,30 %
2708;;100 %; United Kingdom;Fareham;96;3; ;0,10 %;76,82 %;0,01 %;73,31 %
3950;;100 %; Netherlands;Amsterdam;96;2; ;0,10 %;76,92 %;0,01 %;73,32 %
2817;;90 %; Netherlands;WSV de Kogge;96;9; ;0,10 %;77,02 %;0,03 %;73,35 %
2923;;100 %; Denmark;Lemvig;96;96; ;0,10 %;77,12 %;0,36 %;73,71 %
2718;;100 %; Unknown;Roaming station;95;21; ;0,10 %;77,22 %;0,08 %;73,79 %
3254;;100 %; Netherlands;Emmeloord;93;5; ;0,10 %;77,31 %;0,02 %;73,81 %
2607;;100 %; Unknown;Roaming station;93;3; ;0,10 %;77,41 %;0,01 %;73,82 %
3660;;94 %; Australia;Roaming station;92;60; ;0,10 %;77,51 %;0,23 %;74,05 %
2502;;100 %; Australia;Scarborough;91;39; ;0,10 %;77,60 %;0,15 %;74,20 %
3634;;100 %; Italy;Udine;91;8; ;0,10 %;77,70 %;0,03 %;74,23 %
2136;;100 %; Netherlands;NW_Overijssel ;91;19; ;0,10 %;77,80 %;0,07 %;74,30 %
2845;;100 %; Germany;Cuxhaven;90;85; ;0,09 %;77,89 %;0,32 %;74,62 %
3093;;100 %; Cyprus;Limassol;89;50; ;0,09 %;77,98 %;0,19 %;74,81 %
2807;;100 %; Germany;Bremerhaven;89;0; ;0,09 %;78,08 %;0,00 %;74,81 %
2127;;100 %; Netherlands;Rotterdam;88;0; ;0,09 %;78,17 %;0,00 %;74,81 %
2548;;100 %; Netherlands;Poortugaal;88;0; ;0,09 %;78,26 %;0,00 %;74,81 %
3296;;100 %; Norway;Stavanger;87;12; ;0,09 %;78,35 %;0,05 %;74,86 %
3329;;100 %; United Kingdom;Plymouth;87;41; ;0,09 %;78,44 %;0,16 %;75,02 %
2474;;100 %; United Kingdom;Gosport;87;0; ;0,09 %;78,53 %;0,00 %;75,02 %
3445;;0 %; United Kingdom;Minster On Sea;87;0; ;0,09 %;78,63 %;0,00 %;75,02 %
2976;;100 %; Canada;Vancouver;86;1; ;0,09 %;78,72 %;0,00 %;75,02 %
3752;;100 %; Japan;Tokyo;86;86; ;0,09 %;78,81 %;0,33 %;75,35 %
3234;;100 %; France;L'Epine;86;36; ;0,09 %;78,90 %;0,14 %;75,48 %
2061;;100 %; Belgium;Ostend;85;0; ;0,09 %;78,99 %;0,00 %;75,48 %
3212;;100 %; Netherlands;Maarssenbroek;85;27; ;0,09 %;79,07 %;0,10 %;75,58 %
2641;;100 %; Germany;Hooksiel;85;27; ;0,09 %;79,16 %;0,10 %;75,69 %
3024;;100 %; Japan;Katsuura, Chiba;84;84; ;0,09 %;79,25 %;0,32 %;76,00 %
2813;;100 %; Canada;Vancouver;84;4; ;0,09 %;79,34 %;0,02 %;76,02 %
2720;;100 %; Spain;Vigo Bay;84;23; ;0,09 %;79,43 %;0,09 %;76,11 %
2899;;100 %; Germany;Berlin;82;60; ;0,09 %;79,51 %;0,23 %;76,33 %
2511;;100 %; South Africa;Cape Town;81;20; ;0,08 %;79,60 %;0,08 %;76,41 %
2697;;100 %; United States of America;Bremerton, WA;80;10; ;0,08 %;79,68 %;0,04 %;76,45 %
2463;;100 %; Canada;Prince Rupert;80;1; ;0,08 %;79,77 %;0,00 %;76,45 %
2344;;100 %; Slovenia;Koper;80;5; ;0,08 %;79,85 %;0,02 %;76,47 %
3589;;100 %; Norway;Tomasjord;79;0; ;0,08 %;79,93 %;0,00 %;76,47 %
3473;;100 %; Netherlands;Breskens;79;0; ;0,08 %;80,02 %;0,00 %;76,47 %
2593;;100 %; Canada;Prince Rupert;79;0; ;0,08 %;80,10 %;0,00 %;76,47 %
3593;;100 %; Germany;Rostock;79;50; ;0,08 %;80,18 %;0,19 %;76,66 %
3526;;100 %; United Arab Emirates;Abu Dhabi;79;36; ;0,08 %;80,27 %;0,14 %;76,80 %
2422;;100 %; Australia;Collaroy Plateau;79;58; ;0,08 %;80,35 %;0,22 %;77,02 %
2812;;100 %; United States of America;San Francisco;79;65; ;0,08 %;80,43 %;0,25 %;77,26 %
2648;;100 %; United Kingdom;London;78;4; ;0,08 %;80,51 %;0,02 %;77,28 %
3423;;100 %; Germany;Oldendorf;77;19; ;0,08 %;80,59 %;0,07 %;77,35 %
2180;;100 %; France;Rouen;77;0; ;0,08 %;80,67 %;0,00 %;77,35 %
2365;;100 %; New Zealand;Auckland;77;5;;0,08 %;80,76 %;0,02 %;77,37 %
2180;;100 %; France;Rouen;77;0; ;0,08 %;80,84 %;0,00 %;77,37 %
3423;;100 %; Germany;Oldendorf;77;19; ;0,08 %;80,92 %;0,07 %;77,44 %
2892;;100 %; Netherlands;Duiven;76;21; ;0,08 %;81,00 %;0,08 %;77,52 %
3147;;100 %; Norway;Tromsø;76;0; ;0,08 %;81,08 %;0,00 %;77,52 %
3258;;53 %; Viet Nam;Haiphong;76;5; ;0,08 %;81,16 %;0,02 %;77,54 %
2655;;100 %; Netherlands;Sliedrecht;75;44; ;0,08 %;81,23 %;0,17 %;77,71 %
2586;;100 %; Norway;Jeloy, Moss;75;0; ;0,08 %;81,31 %;0,00 %;77,71 %
2825;;100 %; United Kingdom;Alton;75;11; ;0,08 %;81,39 %;0,04 %;77,75 %
2791;;100 %; United States of America;Florida, Tampa;75;54; ;0,08 %;81,47 %;0,20 %;77,95 %
2137;;100 %; Germany;Bremen;75;3; ;0,08 %;81,55 %;0,01 %;77,96 %
2701;;100 %; Australia;O'Connor;74;58; ;0,08 %;81,63 %;0,22 %;78,18 %
2959;;100 %; Spain;Valencia;73;0; ;0,08 %;81,70 %;0,00 %;78,18 %
2804;;100 %; Norway;Oslo;73;2; ;0,08 %;81,78 %;0,01 %;78,19 %
2279;;98 %; Australia;Minyama Sunshine Coast QLD;73;58; ;0,08 %;81,86 %;0,22 %;78,41 %
2537;;100 %; United States of America;Savannah, Georgia;72;23; ;0,08 %;81,93 %;0,09 %;78,50 %
3077;;100 %; Germany;Kiel;72;0; ;0,08 %;82,01 %;0,00 %;78,50 %
2289;;98 %; France;Six Fours Les Plages;72;71; ;0,08 %;82,08 %;0,27 %;78,77 %
2741;;100 %; United States of America;Stanford;72;7; ;0,08 %;82,16 %;0,03 %;78,80 %
3176;;100 %; Sweden;Näsudden Ingarö;72;6; ;0,08 %;82,23 %;0,02 %;78,82 %
2135;;100 %; United States of America;Wilmington, CA;72;0; ;0,08 %;82,31 %;0,00 %;78,82 %
2821;;100 %; Canada;Burnaby;71;0; ;0,07 %;82,38 %;0,00 %;78,82 %
3287;;100 %; Netherlands;Renesse;71;5; ;0,07 %;82,46 %;0,02 %;78,84 %
2347;;100 %; Netherlands;The Hague;71;0; ;0,07 %;82,53 %;0,00 %;78,84 %
2277;;100 %; United States of America;Dania Beach - Florida;71;6; ;0,07 %;82,61 %;0,02 %;78,86 %
2652;;100 %; Germany;Hamburg;70;0; ;0,07 %;82,68 %;0,00 %;78,86 %
2379;;100 %; Netherlands;Zeist;70;27;QPS;0,07 %;82,75 %;0,10 %;78,96 %
3939;;100 %; France;Nice;70;3; ;0,07 %;82,83 %;0,01 %;78,97 %
3193;;100 %; United Kingdom;Aberdeenshire;70;35; ;0,07 %;82,90 %;0,13 %;79,11 %
3141;;100 %; Netherlands;Harkstede;69;29; ;0,07 %;82,97 %;0,11 %;79,22 %
3845;;100 %; United States of America;Bellingham, WA;69;48; ;0,07 %;83,05 %;0,18 %;79,40 %
2380;;100 %; Finland;Helsinki;69;23; ;0,07 %;83,12 %;0,09 %;79,49 %
3842;;100 %; United Kingdom;Brighton;69;38; ;0,07 %;83,19 %;0,14 %;79,63 %
3544;;100 %; Sweden;Gothenburg;69;0; ;0,07 %;83,26 %;0,00 %;79,63 %
3721;;100 %; Norway;Bergen;68;4; ;0,07 %;83,33 %;0,02 %;79,64 %
3840;;100 %; Denmark;Røsnæs Fyr;68;51; ;0,07 %;83,41 %;0,19 %;79,84 %
3152;;96 %; Belgium;Zeebrugge;68;40;Citymesh;0,07 %;83,48 %;0,15 %;79,99 %
2199;;100 %; United States of America;Vicksburg;68;68; ;0,07 %;83,55 %;0,26 %;80,25 %
3457;;100 %; United States of America;Stephensville, Louisiana;68;56; ;0,07 %;83,62 %;0,21 %;80,46 %
2716;;100 %; United Kingdom;Gosport;68;4; ;0,07 %;83,69 %;0,02 %;80,47 %
2116;;100 %; United States of America;Eastport, Annapolis, MD;67;32; ;0,07 %;83,76 %;0,12 %;80,60 %
3809;;100 %; United States of America;Norfolk VA;67;19; ;0,07 %;83,83 %;0,07 %;80,67 %
2719;;100 %; Lithuania;Klaipeda;67;67; ;0,07 %;83,90 %;0,25 %;80,92 %
2771;;100 %; Netherlands;West-Terschelling;66;36;Maritime Institute Willem Barentsz;0,07 %;83,97 %;0,14 %;81,06 %
3136;;100 %; Norway;Bergen;66;2; ;0,07 %;84,04 %;0,01 %;81,07 %
3143;;100 %; United States of America;Houston, Texas;66;32; ;0,07 %;84,11 %;0,12 %;81,19 %
3674;;100 %; United States of America;Seattle, WA;66;0; ;0,07 %;84,18 %;0,00 %;81,19 %
3497;;100 %; Denmark;Rødby;66;3; ;0,07 %;84,25 %;0,01 %;81,20 %
3004;;92 %; Slovenia;Izola;65;5; ;0,07 %;84,32 %;0,02 %;81,22 %
2043;;95 %; Poland;Szczecin-Golecin;64;35;Advanced Technology Engineering;0,07 %;84,38 %;0,13 %;81,35 %
2273;;98 %; Netherlands;Rotterdam;64;0;;0,07 %;84,45 %;0,00 %;81,35 %
2043;;95 %; Poland;Szczecin-Golecin;64;35;Advanced Technology Engineering;0,07 %;84,52 %;0,13 %;81,48 %
2922;;100 %; Spain;Alcaidesa;64;40; ;0,07 %;84,58 %;0,15 %;81,63 %
2273;;98 %; Netherlands;Rotterdam;64;0; ;0,07 %;84,65 %;0,00 %;81,63 %
2764;;100 %; Norway;Skudeneshavn;63;5; ;0,07 %;84,72 %;0,02 %;81,65 %
2165;;100 %; Germany;Hamburg;63;3; ;0,07 %;84,78 %;0,01 %;81,67 %
2653;;100 %; France;La Rochelle;63;36; ;0,07 %;84,85 %;0,14 %;81,80 %
2189;;100 %; Italy;Milazzo;63;49; ;0,07 %;84,92 %;0,19 %;81,99 %
3156;;100 %; Greece;Athens;63;0; ;0,07 %;84,98 %;0,00 %;81,99 %
2020;;100 %; United Kingdom;Liverpool;63;0;www.shipais.com;0,07 %;85,05 %;0,00 %;81,99 %
3347;;100 %; Netherlands;Krimpen aan den IJssel;63;3; ;0,07 %;85,11 %;0,01 %;82,00 %
2573;;100 %; Italy;Venice;63;21; ;0,07 %;85,18 %;0,08 %;82,08 %
3987;;100 %; Belgium;Wenduine;63;6; ;0,07 %;85,25 %;0,02 %;82,10 %
2695;;100 %; Finland;Turku;62;22; ;0,07 %;85,31 %;0,08 %;82,18 %
3574;;100 %; Spain;Vigo;62;2; ;0,07 %;85,38 %;0,01 %;82,19 %
3653;;93 %; Greece;Aegina Island;62;1; ;0,07 %;85,44 %;0,00 %;82,20 %
3175;;95 %; United Kingdom;Tangmere;61;16; ;0,06 %;85,51 %;0,06 %;82,26 %
2949;;100 %; Norway;Bergen;61;0; ;0,06 %;85,57 %;0,00 %;82,26 %
3711;;100 %; Australia;Cairns;61;59; ;0,06 %;85,63 %;0,22 %;82,48 %
2282;;100 %; United States of America;Seattle;61;6; ;0,06 %;85,70 %;0,02 %;82,50 %
2262;;95 %; Sweden;Karlskrona;61;61; ;0,06 %;85,76 %;0,23 %;82,73 %
2113;;100 %; Saudi Arabia;Tabuk;61;59; ;0,06 %;85,83 %;0,22 %;82,96 %
3271;;100 %; Spain;Torrevieja;60;30; ;0,06 %;85,89 %;0,11 %;83,07 %
2115;;100 %; United Kingdom;London;60;0; ;0,06 %;85,95 %;0,00 %;83,07 %
2313;;100 %; United Kingdom;Broadstairs, Kent;59;0; ;0,06 %;86,01 %;0,00 %;83,07 %
2111;;100 %; Turkey;Göcek;59;47; ;0,06 %;86,08 %;0,18 %;83,25 %
2590;;100 %; Netherlands;Breda;59;18; ;0,06 %;86,14 %;0,07 %;83,32 %
2762;;99 %; Singapore;Singapore;59;1; ;0,06 %;86,20 %;0,00 %;83,32 %
2247;;100 %; United States of America;Hanover, Maryland ;59;10; ;0,06 %;86,26 %;0,04 %;83,36 %
3149;;100 %; Germany;Bremerhaven;59;0; ;0,06 %;86,32 %;0,00 %;83,36 %
2796;;100 %; Canada;Victoria;58;1; ;0,06 %;86,38 %;0,00 %;83,36 %
2995;;100 %; Australia;Kingston;58;4; ;0,06 %;86,44 %;0,02 %;83,38 %
2206;;100 %; United Kingdom;Cleethorpes;58;0; ;0,06 %;86,51 %;0,00 %;83,38 %
2058;;91 %; Denmark;Humlebaek;57;0; ;0,06 %;86,56 %;0,00 %;83,38 %
2070;;100 %; Australia;Nelson Bay, NSW;57;29; ;0,06 %;86,62 %;0,11 %;83,49 %
2094;;100 %; Netherlands;Helmond;57;0; ;0,06 %;86,68 %;0,00 %;83,49 %
3032;;99 %; Spain;Badalona;57;11; ;0,06 %;86,74 %;0,04 %;83,53 %
2571;;100 %; Netherlands;Leens;57;0; ;0,06 %;86,80 %;0,00 %;83,53 %
2684;;96 %; Norway;Oslo, Frognerkilen;56;29; ;0,06 %;86,86 %;0,11 %;83,64 %
3145;;100 %; Canada;Vancouver;56;2; ;0,06 %;86,92 %;0,01 %;83,65 %
3447;;96 %; Sweden;Helsingborg;56;4; ;0,06 %;86,98 %;0,02 %;83,66 %
3417;;100 %; Sweden;Sodra Bjorkfjarden;56;32; ;0,06 %;87,04 %;0,12 %;83,78 %
2394;;100 %; Italy;Livorno;56;0; ;0,06 %;87,10 %;0,00 %;83,78 %
2160;;100 %; Norway;Bergen;56;29; ;0,06 %;87,16 %;0,11 %;83,89 %
2403;;100 %; Germany;Stadersand;56;4; ;0,06 %;87,22 %;0,02 %;83,91 %
3130;;100 %; Denmark;Lunderskov;56;7; ;0,06 %;87,27 %;0,03 %;83,94 %
2073;;100 %; United Kingdom;Felixstowe ;55;7; ;0,06 %;87,33 %;0,03 %;83,96 %
2775;;0 %; Netherlands;Franeker;55;3; ;0,06 %;87,39 %;0,01 %;83,97 %
2589;;100 %; Norway;Asker;54;28; ;0,06 %;87,45 %;0,11 %;84,08 %
3487;;100 %; United States of America;Friday Harbor;54;4; ;0,06 %;87,50 %;0,02 %;84,10 %
2095;;100 %; United Kingdom;Southampton;54;6;;0,06 %;87,56 %;0,02 %;84,12 %
3031;;99 %; Malta;Malta Freeport;54;51; ;0,06 %;87,62 %;0,19 %;84,31 %
2095;;100 %; United Kingdom;Southampton;54;6; ;0,06 %;87,67 %;0,02 %;84,33 %
3487;;100 %; United States of America;Friday Harbor;54;4; ;0,06 %;87,73 %;0,02 %;84,35 %
2589;;100 %; Norway;Asker;54;28; ;0,06 %;87,79 %;0,11 %;84,46 %
3174;;100 %; United Kingdom;Higham, Kent;53;0; ;0,06 %;87,84 %;0,00 %;84,46 %
2059;;100 %; Portugal;Azores;53;7; ;0,06 %;87,90 %;0,03 %;84,48 %
3099;;100 %; Netherlands;Espel;53;1; ;0,06 %;87,95 %;0,00 %;84,49 %
2290;;100 %; Greece;Athens;53;16; ;0,06 %;88,01 %;0,06 %;84,55 %
2782;;100 %; Netherlands;Sneek;53;49; ;0,06 %;88,06 %;0,19 %;84,73 %
3812;;94 %; Spain;Valencia;52;0; ;0,05 %;88,12 %;0,00 %;84,73 %
3531;;100 %; Australia;Bunbury;52;32; ;0,05 %;88,17 %;0,12 %;84,85 %
3096;;100 %; United Kingdom;Wirral;52;1; ;0,05 %;88,23 %;0,00 %;84,86 %
3646;;94 %; Netherlands;Urk;52;1; ;0,05 %;88,28 %;0,00 %;84,86 %
2642;;90 %; United Kingdom;Southampton;52;1; ;0,05 %;88,34 %;0,00 %;84,87 %
2030;;100 %; Germany;Rostock;51;14; ;0,05 %;88,39 %;0,05 %;84,92 %
2836;;100 %; France;Brest;51;5; ;0,05 %;88,44 %;0,02 %;84,94 %
3151;;100 %; Norway;Trondheim;51;21; ;0,05 %;88,50 %;0,08 %;85,02 %
2973;;100 %; United States of America;Savannah GA;50;1; ;0,05 %;88,55 %;0,00 %;85,02 %
3598;;100 %; Australia;Tasmania;50;1; ;0,05 %;88,60 %;0,00 %;85,02 %
3043;;0 %; Monaco;Monaco;50;32; ;0,05 %;88,65 %;0,12 %;85,15 %
2340;;100 %; Spain;Valencia;50;0; ;0,05 %;88,71 %;0,00 %;85,15 %
3749;;100 %; Sweden;Enskede;50;0; ;0,05 %;88,76 %;0,00 %;85,15 %
3007;;100 %; Netherlands;Maarssen;50;7; ;0,05 %;88,81 %;0,03 %;85,17 %
3654;;100 %; United Kingdom;Portsmouth;50;0; ;0,05 %;88,86 %;0,00 %;85,17 %
3827;;89 %; Taiwan (Province of China);Keelung;50;50; ;0,05 %;88,92 %;0,19 %;85,36 %
2130;;100 %; United Kingdom;Sheerness;50;0; ;0,05 %;88,97 %;0,00 %;85,36 %
3658;;99 %; United States of America;Cape May;49;43; ;0,05 %;89,02 %;0,16 %;85,52 %
2967;;100 %; United Kingdom;Birkenhead;49;0; ;0,05 %;89,07 %;0,00 %;85,52 %
3410;;100 %; Japan;Aomori;49;41; ;0,05 %;89,12 %;0,16 %;85,68 %
2739;;100 %; Australia;Townsville;49;12; ;0,05 %;89,17 %;0,05 %;85,73 %
2584;;99 %; Germany;Rendsburg;49;32; ;0,05 %;89,23 %;0,12 %;85,85 %
3075;;92 %; Slovenia;Colomban;49;3; ;0,05 %;89,28 %;0,01 %;85,86 %
2304;;100 %; Sweden;Ingarostrand;49;1; ;0,05 %;89,33 %;0,00 %;85,86 %
2867;;100 %; Finland;Vantaa;49;4; ;0,05 %;89,38 %;0,02 %;85,88 %
2627;;100 %; United States of America;Groton CT;48;24; ;0,05 %;89,43 %;0,09 %;85,97 %
2191;;100 %; United Kingdom;Aberdeen;48;35; ;0,05 %;89,48 %;0,13 %;86,10 %
2654;;100 %; Guernsey;St Martin;48;33; ;0,05 %;89,53 %;0,13 %;86,23 %
2625;;99 %; Netherlands;Sint Anne;48;4; ;0,05 %;89,58 %;0,02 %;86,24 %
2938;;100 %; Russian Federation;Sakhalin;48;48; ;0,05 %;89,63 %;0,18 %;86,42 %
3543;;97 %; Canada;Halifax;47;8; ;0,05 %;89,68 %;0,03 %;86,45 %
3456;;39 %; Japan;Hakodate;47;39; ;0,05 %;89,73 %;0,15 %;86,60 %
3221;;100 %; United States of America;Mill Valley, CA;47;4; ;0,05 %;89,78 %;0,02 %;86,62 %
2471;;100 %; France;UBS-Vannes;47;0; ;0,05 %;89,83 %;0,00 %;86,62 %
3419;;100 %; United States of America;Cambridge, MA;46;11; ;0,05 %;89,88 %;0,04 %;86,66 %
2661;;97 %; Netherlands;Amersfoort;46;14; ;0,05 %;89,93 %;0,05 %;86,71 %
3278;;100 %; United States of America;Maryland;46;0; ;0,05 %;89,97 %;0,00 %;86,71 %
2801;;100 %; France;Boulogne-sur-Mer;46;42; ;0,05 %;90,02 %;0,16 %;86,87 %
2993;;100 %; Thailand;Samut Prakan;46;38; ;0,05 %;90,07 %;0,14 %;87,01 %
2107;;100 %; Brazil;Santos;46;46; ;0,05 %;90,12 %;0,17 %;87,19 %
2428;;100 %; France;Le Havre;45;0;;0,05 %;90,17 %;0,00 %;87,19 %
3166;;100 %; Netherlands;Zaandam;45;0; ;0,05 %;90,21 %;0,00 %;87,19 %
2023;;100 %; United States of America;Baltimore, Maryland;45;5; ;0,05 %;90,26 %;0,02 %;87,21 %
2079;;100 %; Canada;Halifax;45;6; ;0,05 %;90,31 %;0,02 %;87,23 %
2398;;100 %; Germany;Berlin;45;0; ;0,05 %;90,35 %;0,00 %;87,23 %
2428;;100 %; France;Le Havre;45;0; ;0,05 %;90,40 %;0,00 %;87,23 %
2750;;100 %; United States of America;Stevensville, MD;44;7; ;0,05 %;90,45 %;0,03 %;87,26 %
2952;;100 %; Germany;Hamburg;44;0; ;0,05 %;90,49 %;0,00 %;87,26 %
3202;;100 %; Hong Kong;Tsuen Wan;44;1; ;0,05 %;90,54 %;0,00 %;87,26 %
2805;;100 %; Germany;Norderney;44;37; ;0,05 %;90,59 %;0,14 %;87,40 %
2885;;100 %; United Kingdom;Hartlepool;43;43; ;0,05 %;90,63 %;0,16 %;87,56 %
2861;;98 %; Germany;Karlsruhe;43;38;Fraunhofer IOSB;0,05 %;90,68 %;0,14 %;87,71 %
2713;;72 %; United Kingdom;Scotland, Greenock;43;21; ;0,05 %;90,72 %;0,08 %;87,79 %
2925;;99 %; Australia;Elizabeth;43;7; ;0,05 %;90,77 %;0,03 %;87,81 %
2285;;34 %; Canada;Vancouver;43;0; ;0,05 %;90,81 %;0,00 %;87,81 %
2447;;100 %; United Kingdom;Rochester;43;1; ;0,05 %;90,86 %;0,00 %;87,82 %
2522;;100 %; France;Port de Bouc;43;43; ;0,05 %;90,90 %;0,16 %;87,98 %
2453;;100 %; Norway;Kristiansand;43;11; ;0,05 %;90,95 %;0,04 %;88,02 %
2060;;100 %; United Kingdom;Solent;42;1;ShipFinder;0,04 %;90,99 %;0,00 %;88,03 %
2198;;100 %; Norway;Kristiansund;42;0; ;0,04 %;91,04 %;0,00 %;88,03 %
3822;;100 %; Canada;Calgary;42;15; ;0,04 %;91,08 %;0,06 %;88,08 %
2669;;100 %; Cyprus;Limaasol;42;1; ;0,04 %;91,12 %;0,00 %;88,09 %
3549;;86 %; Norway;Mehamn;42;41; ;0,04 %;91,17 %;0,16 %;88,24 %
2333;;100 %; United Kingdom;Worldwide;41;23; ;0,04 %;91,21 %;0,09 %;88,33 %
2819;;100 %; Unknown;Roaming station;41;4; ;0,04 %;91,25 %;0,02 %;88,35 %
2205;;100 %; Portugal;Silves;41;15; ;0,04 %;91,30 %;0,06 %;88,40 %
2351;;100 %; Netherlands;Goes;41;1; ;0,04 %;91,34 %;0,00 %;88,41 %
3241;;100 %; Morocco;Casablanca;41;41; ;0,04 %;91,38 %;0,16 %;88,56 %
2800;;100 %; United States of America;San Francisco;41;0; ;0,04 %;91,43 %;0,00 %;88,56 %
3616;;100 %; Netherlands;Vlissingen;41;0; ;0,04 %;91,47 %;0,00 %;88,56 %
3841;;100 %; France;Brest;41;0; ;0,04 %;91,51 %;0,00 %;88,56 %
3179;;100 %; Denmark;Aarhus;41;9; ;0,04 %;91,55 %;0,03 %;88,60 %
2143;;95 %; Netherlands;Sliedrecht;40;19; ;0,04 %;91,60 %;0,07 %;88,67 %
2046;;100 %; Portugal;Faial Island;40;14; ;0,04 %;91,64 %;0,05 %;88,72 %
3727;;100 %; United States of America;Boston, MA;39;4; ;0,04 %;91,68 %;0,02 %;88,74 %
2818;;100 %; United States of America;Hawaii, Kailua;39;28; ;0,04 %;91,72 %;0,11 %;88,84 %
2504;;100 %; Malaysia;Kota Kinabalu;39;39; ;0,04 %;91,76 %;0,15 %;88,99 %
3083;;97 %; Canada;New Westminster;39;0; ;0,04 %;91,80 %;0,00 %;88,99 %
2509;;100 %; Portugal;Matosinhos;39;2;CEiiA - Centre of Engineering and Product Development;0,04 %;91,84 %;0,01 %;89,00 %
3998;;71 %; Faroe Islands;Tórshavn;38;38; ;0,04 %;91,88 %;0,14 %;89,14 %
3054;;100 %; Finland;Turku;38;0; ;0,04 %;91,92 %;0,00 %;89,14 %
2300;;99 %; Belgium;Antwerp Harbour 1;38;2;www.vemasys.com;0,04 %;91,96 %;0,01 %;89,15 %
3217;;100 %; United States of America;Seattle, WA;38;8; ;0,04 %;92,00 %;0,03 %;89,18 %
3200;;100 %; Norway;Bergen / Nygårdshøyden;38;6; ;0,04 %;92,04 %;0,02 %;89,20 %
2778;;100 %; Norway;Tromsø;38;0; ;0,04 %;92,08 %;0,00 %;89,20 %
2415;;100 %; France;Brest;38;0; ;0,04 %;92,12 %;0,00 %;89,20 %
2928;;100 %; Norway;Hammerfest;37;14; ;0,04 %;92,16 %;0,05 %;89,26 %
3300;;100 %; Norway;Bodø;37;1; ;0,04 %;92,20 %;0,00 %;89,26 %
2266;;93 %; Sweden;Sodersvik;37;13; ;0,04 %;92,24 %;0,05 %;89,31 %
2864;;100 %; Canada;Victoria;37;9; ;0,04 %;92,28 %;0,03 %;89,34 %
2749;;100 %; France;Carnon;37;37;;0,04 %;92,32 %;0,14 %;89,48 %
3233;;100 %; United Kingdom;Roaming station;36;36; ;0,04 %;92,35 %;0,14 %;89,62 %
2175;;100 %; Germany;Berlin Rummelsburg;36;2; ;0,04 %;92,39 %;0,01 %;89,63 %
2887;;100 %; Sweden;Djurhamn;36;10; ;0,04 %;92,43 %;0,04 %;89,66 %
2761;;100 %; Netherlands;Huissen;36;2; ;0,04 %;92,47 %;0,01 %;89,67 %
2209;;100 %; France;Saint-Malo;36;36; ;0,04 %;92,50 %;0,14 %;89,81 %
2240;;99 %; Spain;Vilanova i la Geltru;36;5; ;0,04 %;92,54 %;0,02 %;89,83 %
3862;;99 %; Australia;Tea Tree Gully;36;0; ;0,04 %;92,58 %;0,00 %;89,83 %
2287;;100 %; Netherlands;Rosmalen;35;10; ;0,04 %;92,62 %;0,04 %;89,87 %
3215;;100 %; Belgium;Antwerp;35;0; ;0,04 %;92,65 %;0,00 %;89,87 %
3710;;99 %; Portugal;Maia;35;6; ;0,04 %;92,69 %;0,02 %;89,89 %
2525;;100 %; Italy;Meta (Naples);35;35; ;0,04 %;92,73 %;0,13 %;90,02 %
2765;;100 %; France;Guipavas;35;1; ;0,04 %;92,76 %;0,00 %;90,03 %
3488;;100 %; Australia;Parramatta;35;0; ;0,04 %;92,80 %;0,00 %;90,03 %
3853;;100 %; Mauritius;Port Louis;35;35; ;0,04 %;92,84 %;0,13 %;90,16 %
3764;;100 %; United States of America;Burlington KY;34;34; ;0,04 %;92,87 %;0,13 %;90,29 %
2847;;100 %; Sweden;Stockholm;34;0; ;0,04 %;92,91 %;0,00 %;90,29 %
3819;;83 %; United States of America;Bahamas;34;6; ;0,04 %;92,94 %;0,02 %;90,31 %
3090;;93 %; South Africa;Umhlanga;34;0; ;0,04 %;92,98 %;0,00 %;90,31 %
2190;;99 %; Finland;Ekenas;34;30; ;0,04 %;93,02 %;0,11 %;90,42 %
3370;;100 %; Norway;Bodo;34;0; ;0,04 %;93,05 %;0,00 %;90,42 %
3582;;100 %; United States of America;Charleston;34;18; ;0,04 %;93,09 %;0,07 %;90,49 %
2485;;100 %; Slovakia;Miloslavov;33;30; ;0,03 %;93,12 %;0,11 %;90,61 %
3232;;100 %; Germany;Cologne;33;0; ;0,03 %;93,16 %;0,00 %;90,61 %
3256;;100 %; United Kingdom;Bangor;32;19; ;0,03 %;93,19 %;0,07 %;90,68 %
3356;;100 %; United Kingdom;Musselburgh;32;1; ;0,03 %;93,22 %;0,00 %;90,68 %
2367;;100 %; Spain;Sant Carles de la Rapita;32;32; ;0,03 %;93,26 %;0,12 %;90,80 %
3746;;100 %; Germany;Wernsdorf;32;2; ;0,03 %;93,29 %;0,01 %;90,81 %
2037;;96 %; France;France;32;9; ;0,03 %;93,32 %;0,03 %;90,84 %
2943;;100 %; New Zealand;Auckland;32;29; ;0,03 %;93,36 %;0,11 %;90,95 %
2611;;100 %; New Zealand;Tauranga;32;2; ;0,03 %;93,39 %;0,01 %;90,96 %
2882;;100 %; United States of America;Roaming station;31;18; ;0,03 %;93,42 %;0,07 %;91,03 %
2400;;100 %; Denmark;Norresundby;31;29; ;0,03 %;93,46 %;0,11 %;91,14 %
3251;;100 %; United States of America;Palmetto, FL;31;31; ;0,03 %;93,49 %;0,12 %;91,26 %
2904;;100 %; Netherlands;Wezep;31;3; ;0,03 %;93,52 %;0,01 %;91,27 %
3291;;100 %; Greece;Peraia;31;16; ;0,03 %;93,55 %;0,06 %;91,33 %
2773;;71 %; Spain;Burriana;31;27; ;0,03 %;93,59 %;0,10 %;91,43 %
3753;;100 %; Germany;Minden;31;31; ;0,03 %;93,62 %;0,12 %;91,55 %
2251;;99 %; Netherlands;Maasbommel;30;2; ;0,03 %;93,65 %;0,01 %;91,56 %
3211;;100 %; New Zealand;Auckland;30;0; ;0,03 %;93,68 %;0,00 %;91,56 %
2595;;100 %; Germany;Bremen;30;0; ;0,03 %;93,71 %;0,00 %;91,56 %
2179;;100 %; New Zealand;Roaming station;30;0; ;0,03 %;93,74 %;0,00 %;91,56 %
2693;;100 %; France;Roaming station;30;0;SailGrib;0,03 %;93,78 %;0,00 %;91,56 %
2345;;100 %; Unknown;Multiple AIS stations;30;0; ;0,03 %;93,81 %;0,00 %;91,56 %
3159;;100 %; Netherlands;Gendt;30;2; ;0,03 %;93,84 %;0,01 %;91,56 %
2798;;100 %; Austria;Linz;30;6; ;0,03 %;93,87 %;0,02 %;91,59 %
2917;;100 %; France;Brest;30;0; ;0,03 %;93,90 %;0,00 %;91,59 %
3095;;94 %; Poland;Szczecin;30;0;ALERT PLUS Еnergetyka i Тelekomunikacja;0,03 %;93,93 %;0,00 %;91,59 %
2647;;100 %; United Kingdom;Edinburgh;30;3; ;0,03 %;93,96 %;0,01 %;91,60 %
3220;;94 %; Poland;Szczecin, Dąbie;29;0;ALERT PLUS Еnergetyka i Тelekomunikacja;0,03 %;94,00 %;0,00 %;91,60 %
3036;;99 %; Greece;Piraeus;29;0;;0,03 %;94,03 %;0,00 %;91,60 %
3102;;100 %; Greece;Athens;29;0; ;0,03 %;94,06 %;0,00 %;91,60 %
3268;;100 %; Netherlands;The Hague;29;0; ;0,03 %;94,09 %;0,00 %;91,60 %
3226;;94 %; Poland;Szczecin;29;0;ALERT PLUS Еnergetyka i Тelekomunikacja;0,03 %;94,12 %;0,00 %;91,60 %
3220;;94 %; Poland;Szczecin, Dąbie;29;0;ALERT PLUS Еnergetyka i Тelekomunikacja;0,03 %;94,15 %;0,00 %;91,60 %
3036;;99 %; Greece;Piraeus;29;0; ;0,03 %;94,18 %;0,00 %;91,60 %
2656;;100 %; Italy;Cagliari;29;29; ;0,03 %;94,21 %;0,11 %;91,71 %
3115;;100 %; Denmark;Skoedstrup;29;5; ;0,03 %;94,24 %;0,02 %;91,73 %
2297;;100 %; United Kingdom;Great Yarmouth;28;25; ;0,03 %;94,27 %;0,09 %;91,82 %
2132;;100 %; South Africa;Durban;28;1; ;0,03 %;94,30 %;0,00 %;91,83 %
2255;;100 %; Cyprus;Limassol;28;0; ;0,03 %;94,33 %;0,00 %;91,83 %
3460;;97 %; United States of America;Everett, Washington;28;24; ;0,03 %;94,36 %;0,09 %;91,92 %
3076;;100 %; France;Hegenheim;28;17; ;0,03 %;94,39 %;0,06 %;91,98 %
2629;;100 %; United States of America;Monterey, CA;28;18; ;0,03 %;94,41 %;0,07 %;92,05 %
2723;;89 %; United States of America;Cosmopolis;28;19; ;0,03 %;94,44 %;0,07 %;92,12 %
3186;;100 %; United Kingdom;Newlyn;27;27; ;0,03 %;94,47 %;0,10 %;92,22 %
2759;;100 %; Germany;Bruehl-Baden;27;10; ;0,03 %;94,50 %;0,04 %;92,26 %
2311;;100 %; Germany;Leer;27;23; ;0,03 %;94,53 %;0,09 %;92,35 %
2746;;100 %; Austria;Leonding;27;3; ;0,03 %;94,56 %;0,01 %;92,36 %
2346;;100 %; Netherlands;Amsterdam;27;0; ;0,03 %;94,59 %;0,00 %;92,36 %
2377;;100 %; United Kingdom;Poole;27;17; ;0,03 %;94,61 %;0,06 %;92,42 %
2524;;100 %; Cyprus;Limassol;27;2; ;0,03 %;94,64 %;0,01 %;92,43 %
2551;;100 %; Germany;Elbe River, Drochtersen;27;3; ;0,03 %;94,67 %;0,01 %;92,44 %
2140;;100 %; Netherlands;Rotterdam;26;0; ;0,03 %;94,70 %;0,00 %;92,44 %
2217;;100 %; Italy;Taranto;26;26; ;0,03 %;94,73 %;0,10 %;92,54 %
3471;;98 %; Sweden;Wik-Inn Marina;26;16; ;0,03 %;94,75 %;0,06 %;92,60 %
2376;;100 %; Unknown;Roaming Station;26;26; ;0,03 %;94,78 %;0,10 %;92,70 %
2477;;100 %; United Kingdom;Humber Dock;26;4; ;0,03 %;94,81 %;0,02 %;92,72 %
3248;;25 %; United Kingdom;Kent;26;3; ;0,03 %;94,83 %;0,01 %;92,73 %
3375;;100 %; Spain;Santander;26;26; ;0,03 %;94,86 %;0,10 %;92,83 %
3238;;100 %; Canada;East Point Saturna Island;26;0; ;0,03 %;94,89 %;0,00 %;92,83 %
2730;;100 %; Indonesia;Kota Kupang;26;25; ;0,03 %;94,92 %;0,09 %;92,92 %
3071;;76 %; Mexico;Gulf of California;25;19; ;0,03 %;94,94 %;0,07 %;92,99 %
2507;;100 %; Mexico;Nuevo Vallarta, Nayarit;25;23; ;0,03 %;94,97 %;0,09 %;93,08 %
2937;;100 %; France;Rivedoux-Plage;25;0; ;0,03 %;94,99 %;0,00 %;93,08 %
2628;;100 %; Sweden;Nyköping;25;6; ;0,03 %;95,02 %;0,02 %;93,10 %
2678;;98 %; Netherlands;Beverwijk;25;0; ;0,03 %;95,05 %;0,00 %;93,10 %
3441;;97 %; Netherlands; ;24;5; ;0,03 %;95,07 %;0,02 %;93,12 %
2969;;100 %; United States of America;Clifton;24;4; ;0,03 %;95,10 %;0,02 %;93,14 %
2319;;100 %; Sweden;Stockholm;24;0; ;0,03 %;95,12 %;0,00 %;93,14 %
2312;;100 %; United Kingdom;Bristol;24;4; ;0,03 %;95,15 %;0,02 %;93,15 %
3371;;94 %; Spain;Sanlúcar de Barrameda;24;24; ;0,03 %;95,17 %;0,09 %;93,24 %
2259;;100 %; Colombia;Salgar;24;4; ;0,03 %;95,20 %;0,02 %;93,26 %
2996;;100 %; Greece;Nea Erithrea;24;0; ;0,03 %;95,22 %;0,00 %;93,26 %
2561;;100 %; Germany;Bremerhaven;24;1; ;0,03 %;95,25 %;0,00 %;93,26 %
2183;;100 %; Portugal;Lisbon;24;7; ;0,03 %;95,27 %;0,03 %;93,29 %
2370;;60 %; Trinidad and Tobago;Chaguaramas;24;23; ;0,03 %;95,30 %;0,09 %;93,38 %
3427;;100 %; Australia;Lemon Tree Passage;24;1; ;0,03 %;95,32 %;0,00 %;93,38 %
3015;;86 %; Indonesia;Balikpapan, East Kalimantan;24;0; ;0,03 %;95,35 %;0,00 %;93,38 %
2558;;100 %; United Kingdom;Gelliswick;23;23; ;0,02 %;95,37 %;0,09 %;93,47 %
2385;;99 %; Portugal;Porto;23;0;;0,02 %;95,40 %;0,00 %;93,47 %
3021;;100 %; Netherlands;Echteld;23;1; ;0,02 %;95,42 %;0,00 %;93,47 %
2560;;96 %; Netherlands;Urk;23;0; ;0,02 %;95,45 %;0,00 %;93,47 %
2855;;100 %; United States of America;Brunswick;23;16; ;0,02 %;95,47 %;0,06 %;93,53 %
2390;;100 %; United States of America;Shelton Washington;23;1; ;0,02 %;95,49 %;0,00 %;93,54 %
2385;;99 %; Portugal;Porto;23;0; ;0,02 %;95,52 %;0,00 %;93,54 %
2985;;100 %; Germany;Heilbronn;23;9; ;0,02 %;95,54 %;0,03 %;93,57 %
2299;;100 %; France;Locmalo, Port-Louis;22;0; ;0,02 %;95,57 %;0,00 %;93,57 %
2972;;100 %; United States of America;San Francisco;22;0; ;0,02 %;95,59 %;0,00 %;93,57 %
2092;;100 %; Portugal;Lisbon;22;2; ;0,02 %;95,61 %;0,01 %;93,58 %
3409;;85 %; Germany;Hamburg;22;0; ;0,02 %;95,63 %;0,00 %;93,58 %
2417;;100 %; Japan;Wakayama Port;22;12; ;0,02 %;95,66 %;0,05 %;93,62 %
3621;;78 %; Australia;Kettering;22;14; ;0,02 %;95,68 %;0,05 %;93,68 %
3429;;100 %; Netherlands;Terneuzen;22;0; ;0,02 %;95,70 %;0,00 %;93,68 %
3913;;100 %; Germany;Simonsberg;22;22; ;0,02 %;95,73 %;0,08 %;93,76 %
2567;;71 %; United Kingdom;Plymouth;22;0; ;0,02 %;95,75 %;0,00 %;93,76 %
2317;;37 %; Canada;Maple Bay;22;0; ;0,02 %;95,77 %;0,00 %;93,76 %
2329;;100 %; United States of America;Riverton;22;7; ;0,02 %;95,80 %;0,03 %;93,79 %
2539;;90 %; Canada;Noth Vancouver;22;0; ;0,02 %;95,82 %;0,00 %;93,79 %
2639;;92 %; Spain;Calonge;22;20; ;0,02 %;95,84 %;0,08 %;93,86 %
3575;;86 %; Spain;Huelva;22;22; ;0,02 %;95,87 %;0,08 %;93,95 %
2707;;100 %; United States of America;Hampton, VA;22;0; ;0,02 %;95,89 %;0,00 %;93,95 %
2777;;100 %; United Kingdom;Southampton;22;0; ;0,02 %;95,91 %;0,00 %;93,95 %
2865;;100 %; Germany;Frankfurt;21;10; ;0,02 %;95,93 %;0,04 %;93,98 %
2263;;100 %; United Kingdom;Wigan;21;0; ;0,02 %;95,96 %;0,00 %;93,98 %
3319;;100 %; Canada;Toronto;21;1; ;0,02 %;95,98 %;0,00 %;93,99 %
2257;;100 %; Japan;Shimizu;21;21; ;0,02 %;96,00 %;0,08 %;94,07 %
2837;;100 %; United Kingdom;Oldcroft;21;1; ;0,02 %;96,02 %;0,00 %;94,07 %
2445;;100 %; New Zealand;Roaming station;21;0; ;0,02 %;96,04 %;0,00 %;94,07 %
2337;;100 %; Brazil;Florianopolis;21;20; ;0,02 %;96,07 %;0,08 %;94,15 %
2104;;100 %; Denmark;Gershøj;21;1; ;0,02 %;96,09 %;0,00 %;94,15 %
3318;;100 %; Spain;Getxo;21;21; ;0,02 %;96,11 %;0,08 %;94,23 %
2890;;100 %; Canada;Montreal;21;4; ;0,02 %;96,13 %;0,02 %;94,24 %
3478;;100 %; United Kingdom;Canvey Island;21;0; ;0,02 %;96,15 %;0,00 %;94,24 %
2751;;100 %; Netherlands;Grootegast;21;7; ;0,02 %;96,18 %;0,03 %;94,27 %
2780;;96 %; New Zealand;Christchurch;21;0; ;0,02 %;96,20 %;0,00 %;94,27 %
3493;;100 %; South Africa;Gordon's Bay;20;5; ;0,02 %;96,22 %;0,02 %;94,29 %
2830;;100 %; New Zealand;Wellington;20;0; ;0,02 %;96,24 %;0,00 %;94,29 %
2514;;100 %; United Kingdom;Lochgelly;20;0; ;0,02 %;96,26 %;0,00 %;94,29 %
2934;;78 %; French Polynesia;Tahiti;20;20; ;0,02 %;96,28 %;0,08 %;94,37 %
2348;;88 %; Chile;Viña del Mar;20;14; ;0,02 %;96,30 %;0,05 %;94,42 %
3465;;98 %; Spain;Fuengirola;20;14; ;0,02 %;96,32 %;0,05 %;94,47 %
2436;;100 %; United States of America;Treehouse, Virgin Islands;20;9; ;0,02 %;96,34 %;0,03 %;94,51 %
3485;;100 %; Greece;Patra;20;20; ;0,02 %;96,37 %;0,08 %;94,58 %
3222;;87 %; Spain;La Coruña;20;9; ;0,02 %;96,39 %;0,03 %;94,62 %
3918;;100 %; Georgia;Batumi;20;20; ;0,02 %;96,41 %;0,08 %;94,69 %
2688;;100 %; Germany;Lübeck;20;20; ;0,02 %;96,43 %;0,08 %;94,77 %
2822;;97 %; India;Visakhapatnam;20;20; ;0,02 %;96,45 %;0,08 %;94,84 %
2784;;22 %; Germany;Emden;0;0; ;0,00 %;96,45 %;0,00 %;94,84 %
3242;;99 %; Norway;Haugesund;19;2; ;0,02 %;96,47 %;0,01 %;94,85 %
2570;;100 %; Germany;Kiel-Suchsdorf;19;0;;0,02 %;96,49 %;0,00 %;94,85 %
3348;;100 %; Portugal;Coimbra;19;6; ;0,02 %;96,51 %;0,02 %;94,87 %
3242;;99 %; Norway;Haugesund;19;2; ;0,02 %;96,53 %;0,01 %;94,88 %
2275;;100 %; France;Lorient;19;1; ;0,02 %;96,55 %;0,00 %;94,89 %
2050;;100 %; Estonia;Tallinn;19;3; ;0,02 %;96,57 %;0,01 %;94,90 %
2793;;100 %; Germany;Wismar;19;4; ;0,02 %;96,59 %;0,02 %;94,91 %
2811;;100 %; Estonia;Tallinn;19;5; ;0,02 %;96,61 %;0,02 %;94,93 %
2515;;100 %; United Kingdom;Lyme Regis;18;12; ;0,02 %;96,63 %;0,05 %;94,98 %
2454;;85 %; Viet Nam;Ho Chi Minh City;18;18; ;0,02 %;96,65 %;0,07 %;95,04 %
2520;;99 %; Austria;Vienna;18;15; ;0,02 %;96,67 %;0,06 %;95,10 %
2562;;100 %; Norway;Brostadbotn;18;17; ;0,02 %;96,68 %;0,06 %;95,17 %
2017;;100 %; Canada;Corner Brook;18;18; ;0,02 %;96,70 %;0,07 %;95,23 %
3146;;100 %; United Kingdom;London;18;0; ;0,02 %;96,72 %;0,00 %;95,23 %
2915;;100 %; Netherlands;Amersfoort;17;0; ;0,02 %;96,74 %;0,00 %;95,23 %
3755;;100 %; Germany;Woltersdorf;17;2; ;0,02 %;96,76 %;0,01 %;95,24 %
3627;;100 %; Netherlands;Druten;17;0; ;0,02 %;96,78 %;0,00 %;95,24 %
2085;;100 %; Ireland;Kinsale;17;6; ;0,02 %;96,79 %;0,02 %;95,26 %
2939;;98 %; Austria;Loimersdorf;17;11; ;0,02 %;96,81 %;0,04 %;95,31 %
2197;;91 %; United States of America;Warwick, Rhode Island;17;13; ;0,02 %;96,83 %;0,05 %;95,36 %
3121;;100 %; Finland;Mariehamn;17;14; ;0,02 %;96,85 %;0,05 %;95,41 %
3189;;100 %; Canada;Vancouver - Fraser River;17;0; ;0,02 %;96,86 %;0,00 %;95,41 %
2508;;100 %; Germany;Neckarwestheim;17;5; ;0,02 %;96,88 %;0,02 %;95,43 %
2316;;100 %; Guernsey;Guernsey;17;2; ;0,02 %;96,90 %;0,01 %;95,44 %
2588;;100 %; Netherlands;The Hague;17;0; ;0,02 %;96,92 %;0,00 %;95,44 %
2691;;100 %; Netherlands;Utrecht;17;0; ;0,02 %;96,94 %;0,00 %;95,44 %
2876;;98 %; Indonesia;Batang;17;4; ;0,02 %;96,95 %;0,02 %;95,45 %
2732;;91 %; United Kingdom;Rosneath;17;0; ;0,02 %;96,97 %;0,00 %;95,45 %
2827;;100 %; United States of America;Key Largo;17;17; ;0,02 %;96,99 %;0,06 %;95,51 %
3281;;100 %; United Kingdom;Felixstowe / Harwich / Mistley;17;0; ;0,02 %;97,01 %;0,00 %;95,51 %
3367;;100 %; Qatar;Doha;16;16; ;0,02 %;97,02 %;0,06 %;95,58 %
2022;;100 %; Japan;Hamamatsu Hamana;16;16; ;0,02 %;97,04 %;0,06 %;95,64 %
3128;;80 %; Sweden;Malmö;16;3; ;0,02 %;97,06 %;0,01 %;95,65 %
2572;;100 %; France;Mandelieu La Napoule;16;0; ;0,02 %;97,07 %;0,00 %;95,65 %
2208;;100 %; Germany;Mannheim;16;3; ;0,02 %;97,09 %;0,01 %;95,66 %
2320;;100 %; France;Brest;16;0; ;0,02 %;97,11 %;0,00 %;95,66 %
2184;;71 %; Cyprus;Larnaca;16;16; ;0,02 %;97,13 %;0,06 %;95,72 %
2427;;99 %; Mexico;Cozumel;16;0; ;0,02 %;97,14 %;0,00 %;95,72 %
2442;;80 %; Canada;Montreal;16;0; ;0,02 %;97,16 %;0,00 %;95,72 %
2496;;100 %; United Kingdom;London;16;0; ;0,02 %;97,18 %;0,00 %;95,72 %
2889;;99 %; Russian Federation;Moscow;16;16; ;0,02 %;97,19 %;0,06 %;95,78 %
2506;;94 %; Norway;Lista;16;0; ;0,02 %;97,21 %;0,00 %;95,78 %
2921;;100 %; Netherlands;Zeist;16;0; ;0,02 %;97,23 %;0,00 %;95,78 %
2055;;100 %; United Kingdom;London & Poole;16;0; ;0,02 %;97,24 %;0,00 %;95,78 %
3126;;100 %; United States of America;Mililani, HI;16;4; ;0,02 %;97,26 %;0,02 %;95,80 %
2521;;100 %; Italy;Gela;16;15; ;0,02 %;97,28 %;0,06 %;95,85 %
3378;;100 %; United States of America;Canada, Redwood City;16;1; ;0,02 %;97,29 %;0,00 %;95,86 %
2585;;100 %; United States of America;Seattle, WA;16;3; ;0,02 %;97,31 %;0,01 %;95,87 %
2232;;100 %; Portugal;Porto;16;6; ;0,02 %;97,33 %;0,02 %;95,89 %
3052;;100 %; Norway;Sandvika;16;0; ;0,02 %;97,34 %;0,00 %;95,89 %
3204;;100 %; Canada;Ontario, Burlington;16;6; ;0,02 %;97,36 %;0,02 %;95,91 %
2772;;100 %; United States of America;San Diego Web Cam (PLE);16;3;;0,02 %;97,38 %;0,01 %;95,92 %
3378;;100 %; United States of America;Canada, Redwood City;16;1; ;0,02 %;97,39 %;0,00 %;95,93 %
2308;;100 %; United States of America;Jupiter, FL;15;13; ;0,02 %;97,41 %;0,05 %;95,98 %
2444;;100 %; United States of America;Roaming station;15;4; ;0,02 %;97,43 %;0,02 %;95,99 %
2019;;100 %; Canada;Victoria, BC;15;3; ;0,02 %;97,44 %;0,01 %;96,00 %
2207;;100 %; Germany;Wismar;15;2; ;0,02 %;97,46 %;0,01 %;96,01 %
2497;;100 %; Netherlands;Warmond;15;2; ;0,02 %;97,47 %;0,01 %;96,02 %
2583;;100 %; United Kingdom;Broadford;15;3; ;0,02 %;97,49 %;0,01 %;96,03 %
2245;;100 %; Australia;Tasmania;15;2; ;0,02 %;97,50 %;0,01 %;96,04 %
2069;;100 %; Portugal;Albufeira;15;13; ;0,02 %;97,52 %;0,05 %;96,09 %
2614;;100 %; United States of America;Kingwood;15;14; ;0,02 %;97,54 %;0,05 %;96,14 %
2838;;100 %; Australia;Geraldton;15;15; ;0,02 %;97,55 %;0,06 %;96,20 %
2891;;97 %; India;Nagercoil;15;15; ;0,02 %;97,57 %;0,06 %;96,25 %
3056;;100 %; Netherlands;Leiden;15;2; ;0,02 %;97,58 %;0,01 %;96,26 %
3062;;99 %; Australia;Rockingham;15;3; ;0,02 %;97,60 %;0,01 %;96,27 %
3177;;100 %; Sweden;Visby;15;13; ;0,02 %;97,61 %;0,05 %;96,32 %
3188;;100 %; Kuwait;Kuwait;15;14; ;0,02 %;97,63 %;0,05 %;96,38 %
3197;;100 %; Greece;Thessaloniki;15;0; ;0,02 %;97,65 %;0,00 %;96,38 %
3201;;100 %; Canada;Sorel-Tracy;15;1; ;0,02 %;97,66 %;0,00 %;96,38 %
3230;;100 %; United States of America;Port Ludlow, WA;15;10; ;0,02 %;97,68 %;0,04 %;96,42 %
3273;;100 %; Sweden;Faro;15;13; ;0,02 %;97,69 %;0,05 %;96,47 %
3436;;100 %; Netherlands;Ferwoude;15;4; ;0,02 %;97,71 %;0,02 %;96,48 %
3563;;100 %; Germany;Berlin;15;0; ;0,02 %;97,72 %;0,00 %;96,48 %
3765;;99 %; United States of America;Sea Isle City, NJ;15;10; ;0,02 %;97,74 %;0,04 %;96,52 %
3875;;99 %; United Kingdom;Cornwall;15;0; ;0,02 %;97,76 %;0,00 %;96,52 %
3910;;100 %; Greece;Ermoupoli Syros;15;13; ;0,02 %;97,77 %;0,05 %;96,57 %
2202;;100 %; Canada;Ucluelet;14;13; ;0,01 %;97,79 %;0,05 %;96,62 %
2580;;100 %; Denmark;Frederikssund;14;9; ;0,01 %;97,80 %;0,03 %;96,65 %
2103;;99 %; United Kingdom;London;14;0; ;0,01 %;97,82 %;0,00 %;96,65 %
2187;;100 %; United States of America;Canada, Monterey;14;6; ;0,01 %;97,83 %;0,02 %;96,68 %
2342;;100 %; Sweden;Ostra Husby;14;0; ;0,01 %;97,84 %;0,00 %;96,68 %
2411;;100 %; United Kingdom;Ballynahinch, N.Ireland;14;2; ;0,01 %;97,86 %;0,01 %;96,68 %
2260;;82 %; United Kingdom;Oban;14;14; ;0,01 %;97,87 %;0,05 %;96,74 %
2041;;100 %; United States of America;New York;14;0; ;0,01 %;97,89 %;0,00 %;96,74 %
2587;;100 %; United Kingdom;Felixstowe;14;0; ;0,01 %;97,90 %;0,00 %;96,74 %
2108;;100 %; Australia;Sans Souci;14;3; ;0,01 %;97,92 %;0,01 %;96,75 %
2660;;100 %; Canada;Sorel-Tracy;14;0; ;0,01 %;97,93 %;0,00 %;96,75 %
2676;;32 %; Canada;Toronto;14;1; ;0,01 %;97,95 %;0,00 %;96,75 %
2709;;100 %; Norway;Tromsø;14;0; ;0,01 %;97,96 %;0,00 %;96,75 %
2743;;100 %; United Kingdom;Little Clacton, Essex;14;0; ;0,01 %;97,98 %;0,00 %;96,75 %
2898;;100 %; United States of America;Burien;14;0; ;0,01 %;97,99 %;0,00 %;96,75 %
2982;;100 %; Norway;Tromsø;14;0; ;0,01 %;98,01 %;0,00 %;96,75 %
2983;;100 %; Thailand;Bangkok;14;6; ;0,01 %;98,02 %;0,02 %;96,77 %
2986;;76 %; Italy;Gulf of Milazzo;14;0; ;0,01 %;98,04 %;0,00 %;96,77 %
3082;;94 %; Netherlands;Alphen Aan Den Rijn;14;3; ;0,01 %;98,05 %;0,01 %;96,78 %
3162;;100 %; France;Cléden-Cap-Sizun;14;2; ;0,01 %;98,06 %;0,01 %;96,79 %
3247;;100 %; United States of America;Philadelphia;14;3; ;0,01 %;98,08 %;0,01 %;96,80 %
3955;;98 %; Germany;Münster;14;14; ;0,01 %;98,09 %;0,05 %;96,86 %
2218;;100 %; Canada;Newfoundland, St. Johns;13;13; ;0,01 %;98,11 %;0,05 %;96,91 %
2321;;100 %; Ireland;Cobh;13;1; ;0,01 %;98,12 %;0,00 %;96,91 %
2089;;100 %; Italy;Trapani;13;13;;0,01 %;98,14 %;0,05 %;96,96 %
2051;;100 %; Norway;Lovund;13;2; ;0,01 %;98,15 %;0,01 %;96,97 %
2327;;100 %; Denmark;Roenne, Bornholm ;13;13; ;0,01 %;98,16 %;0,05 %;97,02 %
2109;;96 %; Sweden;Oskarshamn;13;13; ;0,01 %;98,18 %;0,05 %;97,07 %
2166;;100 %; France;Saint Georges de Didonnes;13;0;SailGrib;0,01 %;98,19 %;0,00 %;97,07 %
2434;;100 %; Switzerland;Pratteln;13;2; ;0,01 %;98,20 %;0,01 %;97,07 %
2493;;100 %; Canada;Sorel-Tracy;13;1; ;0,01 %;98,22 %;0,00 %;97,08 %
2544;;100 %; New Zealand;Tauranga;13;0; ;0,01 %;98,23 %;0,00 %;97,08 %
2500;;100 %; Netherlands;Drachten;13;2; ;0,01 %;98,24 %;0,01 %;97,08 %
2582;;100 %; Germany;Siegburg;13;0; ;0,01 %;98,26 %;0,00 %;97,08 %
2429;;100 %; Netherlands;Rotterdam;13;7; ;0,01 %;98,27 %;0,03 %;97,11 %
2685;;100 %; United States of America;Berwick;13;1; ;0,01 %;98,29 %;0,00 %;97,11 %
2738;;99 %; United States of America;Huntingdon Valley;13;3; ;0,01 %;98,30 %;0,01 %;97,13 %
2998;;100 %; Sweden;Harnosand;13;13; ;0,01 %;98,31 %;0,05 %;97,18 %
3274;;100 %; United Kingdom;Welton;13;2; ;0,01 %;98,33 %;0,01 %;97,18 %
3323;;100 %; Spain;A Coruña;13;2; ;0,01 %;98,34 %;0,01 %;97,19 %
3368;;100 %; United Kingdom;Stornoway;13;13; ;0,01 %;98,35 %;0,05 %;97,24 %
3461;;100 %; France;Théoule-sur-Mer;13;1; ;0,01 %;98,37 %;0,00 %;97,24 %
3486;;96 %; France;Hendaye;13;12; ;0,01 %;98,38 %;0,05 %;97,29 %
3676;;100 %; Canada;Kitimat;13;13; ;0,01 %;98,39 %;0,05 %;97,34 %
2159;;100 %; United Kingdom;Swanage;12;4; ;0,01 %;98,41 %;0,02 %;97,35 %
2152;;100 %; United States of America;Brielle;12;9; ;0,01 %;98,42 %;0,03 %;97,39 %
2194;;100 %; Serbia;Belgrade;12;12; ;0,01 %;98,43 %;0,05 %;97,43 %
2196;;100 %; Sweden;Norrtälje;12;0; ;0,01 %;98,44 %;0,00 %;97,43 %
2100;;100 %; United States of America;Portsmouth;12;12; ;0,01 %;98,46 %;0,05 %;97,48 %
2418;;95 %; Norway;Årland;12;3; ;0,01 %;98,47 %;0,01 %;97,49 %
2646;;9 %; United States of America;Arkwright, NY;12;8; ;0,01 %;98,48 %;0,03 %;97,52 %
2834;;25 %; Australia;Bunbury;12;0; ;0,01 %;98,49 %;0,00 %;97,52 %
2883;;100 %; Korea;Nam-gu,Pohang;12;12; ;0,01 %;98,51 %;0,05 %;97,57 %
2961;;100 %; United States of America;Isle Royale West;12;12; ;0,01 %;98,52 %;0,05 %;97,61 %
3028;;96 %; United States of America;Fairhaven, MA;12;12; ;0,01 %;98,53 %;0,05 %;97,66 %
3298;;100 %; Spain;Baiona;12;10; ;0,01 %;98,55 %;0,04 %;97,69 %
3498;;100 %; United Kingdom;Hadleigh, Essex;12;0; ;0,01 %;98,56 %;0,00 %;97,69 %
3689;;100 %; Dominican Republic;Santo Domingo, D. N.;12;12; ;0,01 %;98,57 %;0,05 %;97,74 %
3914;;100 %; Germany;Kornwestheim;12;12; ;0,01 %;98,58 %;0,05 %;97,79 %
2314;;98 %; Netherlands;Utrecht;11;0; ;0,01 %;98,59 %;0,00 %;97,79 %
2162;;100 %; Finland;Kiukainen;11;3; ;0,01 %;98,61 %;0,01 %;97,80 %
2028;;100 %; United States of America;Roaming station;11;0;http://squidd.io/;0,01 %;98,62 %;0,00 %;97,80 %
2382;;100 %; Germany;Offenbach;11;6; ;0,01 %;98,63 %;0,02 %;97,82 %
2895;;100 %; Norway;Indre Arna;11;0; ;0,01 %;98,64 %;0,00 %;97,82 %
2913;;99 %; Taiwan (Province of China);Taipei;11;11; ;0,01 %;98,65 %;0,04 %;97,86 %
2964;;100 %; Canada;Oakville, Ontario;11;0; ;0,01 %;98,66 %;0,00 %;97,86 %
3110;;100 %; United States of America;Vicksburg;11;11; ;0,01 %;98,68 %;0,04 %;97,90 %
3167;;100 %; Australia;Gladstone;11;11; ;0,01 %;98,69 %;0,04 %;97,95 %
2265;;100 %; United Kingdom;Falmouth;10;4; ;0,01 %;98,70 %;0,02 %;97,96 %
2343;;100 %; United States of America;La Conner, WA;10;4; ;0,01 %;98,71 %;0,02 %;97,98 %
2495;;100 %; United States of America;Duluth, MN;10;3; ;0,01 %;98,72 %;0,01 %;97,99 %
2084;;100 %; Greece;Ios;10;8;Ios Hellas;0,01 %;98,73 %;0,03 %;98,02 %
2157;;100 %; Norway;Kolvereid;10;2; ;0,01 %;98,74 %;0,01 %;98,02 %
2409;;100 %; Netherlands;Sliedrecht;10;3; ;0,01 %;98,75 %;0,01 %;98,04 %
2408;;100 %; United States of America;Vashon Island, WA;10;1;;0,01 %;98,76 %;0,00 %;98,04 %
2495;;100 %; United States of America;Duluth, MN;10;2; ;0,01 %;98,77 %;0,01 %;98,05 %
2314;;98 %; Netherlands;Utrecht;10;0; ;0,01 %;98,78 %;0,00 %;98,05 %
2271;;100 %; United States of America;Pohick, WV;10;0; ;0,01 %;98,79 %;0,00 %;98,05 %
2157;;100 %; Norway;Kolvereid;10;1; ;0,01 %;98,80 %;0,00 %;98,05 %
2408;;100 %; United States of America;Vashon Island, WA;10;2; ;0,01 %;98,81 %;0,01 %;98,06 %
2755;;100 %; Netherlands;Nes Ameland;10;8; ;0,01 %;98,82 %;0,03 %;98,09 %
2872;;100 %; Denmark;Dragør;10;0; ;0,01 %;98,83 %;0,00 %;98,09 %
2948;;100 %; United States of America;Delaware, Fenwick Island;10;9; ;0,01 %;98,84 %;0,03 %;98,12 %
2964;;100 %; Canada;Oakville, Ontario;10;0; ;0,01 %;98,85 %;0,00 %;98,12 %
3114;;100 %; Spain;Cala Llonga, Menorca;10;10; ;0,01 %;98,87 %;0,04 %;98,16 %
3541;;100 %; Sweden;Furuvik;10;10; ;0,01 %;98,88 %;0,04 %;98,20 %
2038;;100 %; United States of America;Williamstown, WV;9;0; ;0,01 %;98,89 %;0,00 %;98,20 %
2200;;100 %; United States of America;Vienna, VW;9;0; ;0,01 %;98,89 %;0,00 %;98,20 %
2483;;100 %; Netherlands;Nederweert;0;0; ;0,00 %;98,89 %;0,00 %;98,20 %
2293;;99 %; United States of America;Florida, Fort Lauderdale;9;0; ;0,01 %;98,90 %;0,00 %;98,20 %
2328;;100 %; Canada;Rimouski;9;1; ;0,01 %;98,91 %;0,00 %;98,20 %
2239;;100 %; Netherlands;Goor;9;9; ;0,01 %;98,92 %;0,03 %;98,24 %
2250;;100 %; Netherlands;Zoeterwoude;9;0; ;0,01 %;98,93 %;0,00 %;98,24 %
2409;;100 %; Netherlands;Sliedrecht;9;1; ;0,01 %;98,94 %;0,00 %;98,24 %
2105;;100 %; Netherlands;Spijkenisse;9;0; ;0,01 %;98,95 %;0,00 %;98,24 %
2680;;100 %; United States of America;Rockport, ME;9;9; ;0,01 %;98,96 %;0,03 %;98,27 %
2728;;99 %; Netherlands;Beuningen;9;0; ;0,01 %;98,97 %;0,00 %;98,27 %
2754;;100 %; Germany;Barrien;9;3; ;0,01 %;98,98 %;0,01 %;98,29 %
2814;;100 %; United States of America;Port Huron;9;9; ;0,01 %;98,99 %;0,03 %;98,32 %
2850;;100 %; Brazil;Fortaleza;9;9;German Aerospace Center (DLR);0,01 %;99,00 %;0,03 %;98,35 %
2851;;82 %; Italy;Chioggia;9;0; ;0,01 %;99,01 %;0,00 %;98,35 %
2901;;100 %; France;Lorient;9;0; ;0,01 %;99,02 %;0,00 %;98,35 %
3180;;100 %; Japan;Aichi Takahama;9;9; ;0,01 %;99,03 %;0,03 %;98,39 %
3205;;100 %; Portugal;Carvoeira;9;8;TecnoVeritas Services of Engineering & Systems Technology, Ltd;0,01 %;99,04 %;0,03 %;98,42 %
3237;;99 %; France;Castel-Bian Carantec;9;7; ;0,01 %;99,05 %;0,03 %;98,45 %
3260;;100 %; Netherlands;Lelystad;9;0;WaterProof B.V.;0,01 %;99,05 %;0,00 %;98,45 %
3304;;100 %; Ireland;Newcastle;9;1; ;0,01 %;99,06 %;0,00 %;98,45 %
3351;;100 %; United Kingdom;Shoreham;9;0; ;0,01 %;99,07 %;0,00 %;98,45 %
3584;;100 %; Ireland;Greystones;9;1; ;0,01 %;99,08 %;0,00 %;98,45 %
3639;;100 %; United Kingdom;Port of Tyne;9;9; ;0,01 %;99,09 %;0,03 %;98,49 %
3754;;100 %; Germany;Fürstenwalde;9;9; ;0,01 %;99,10 %;0,03 %;98,52 %
3776;;99 %; United States of America;Roaming station;9;9; ;0,01 %;99,11 %;0,03 %;98,56 %
2265;;100 %; United Kingdom;Falmouth;8;2; ;0,01 %;99,12 %;0,01 %;98,56 %
2363;;100 %; Germany;Offenbach Bürgel;8;0; ;0,01 %;99,13 %;0,00 %;98,56 %
2040;;100 %; Viet Nam;HCMC;8;8; ;0,01 %;99,14 %;0,03 %;98,59 %
2014;;93 %; United States of America;Fairfield;8;7; ;0,01 %;99,15 %;0,03 %;98,62 %
2049;;100 %; United States of America;Maryland;8;0; ;0,01 %;99,15 %;0,00 %;98,62 %
2431;;100 %; France;Cap Ferret;8;8; ;0,01 %;99,16 %;0,03 %;98,65 %
2440;;100 %; United Kingdom;Cardiff;8;6; ;0,01 %;99,17 %;0,02 %;98,67 %
2223;;100 %; Germany;Bremen Winterhafen;8;0; ;0,01 %;99,18 %;0,00 %;98,67 %
2745;;100 %; United States of America;Seattle;8;1; ;0,01 %;99,19 %;0,00 %;98,68 %
2849;;57 %; Netherlands;Nieuwersluis;8;1; ;0,01 %;99,20 %;0,00 %;98,68 %
3245;;100 %; Spain;Málaga;8;8; ;0,01 %;99,20 %;0,03 %;98,71 %
3282;;100 %; Germany;Emden;8;2; ;0,01 %;99,21 %;0,01 %;98,72 %
3403;;100 %; Spain;Carboneras;8;8;;0,01 %;99,22 %;0,03 %;98,75 %
3482;;100 %; Philippines;Cebu;8;8; ;0,01 %;99,23 %;0,03 %;98,78 %
3516;;100 %; Unknown;Roaming station;8;3; ;0,01 %;99,24 %;0,01 %;98,79 %
3519;;71 %; Unknown;Roaming station;8;7; ;0,01 %;99,25 %;0,03 %;98,82 %
3655;;100 %; United States of America;Chicago, IL;8;7; ;0,01 %;99,25 %;0,03 %;98,84 %
3696;;100 %; Ireland;Rashbrooke, Cobh;8;0; ;0,01 %;99,26 %;0,00 %;98,84 %
3956;;91 %; United States of America;Boaz, WV;8;7; ;0,01 %;99,27 %;0,03 %;98,87 %
2366;;100 %; Norway;Trondheim;7;0; ;0,01 %;99,28 %;0,00 %;98,87 %
3011;;100 %; United States of America;Belpre, Ohio;7;2; ;0,01 %;99,29 %;0,01 %;98,88 %
3048;;96 %; France;Poses;7;7; ;0,01 %;99,29 %;0,03 %;98,90 %
2122;;53 %; Norway;Homborsund;7;0; ;0,01 %;99,30 %;0,00 %;98,90 %
2438;;97 %; United Kingdom;Scotland, Broadford Bay, Isle of Skye;7;0; ;0,01 %;99,31 %;0,00 %;98,90 %
2531;;90 %; Germany;Frankfurt;7;0; ;0,01 %;99,32 %;0,00 %;98,90 %
2362;;96 %; Colombia;Buenaventura;7;7;Pacific Pilots;0,01 %;99,32 %;0,03 %;98,93 %
2600;;100 %; Germany;Hamm;7;7; ;0,01 %;99,33 %;0,03 %;98,96 %
2673;;100 %; Ireland;Dublin;7;5; ;0,01 %;99,34 %;0,02 %;98,98 %
2706;;100 %; Canada;Montreal;7;1; ;0,01 %;99,34 %;0,00 %;98,98 %
2725;;100 %; Denmark;Aarhus;7;0; ;0,01 %;99,35 %;0,00 %;98,98 %
2734;;99 %; Netherlands;Driebergen;7;1; ;0,01 %;99,36 %;0,00 %;98,98 %
2752;;95 %; Sweden;Grisslehamn;7;2; ;0,01 %;99,37 %;0,01 %;98,99 %
2829;;100 %; Australia;Mount Hicks;7;5; ;0,01 %;99,37 %;0,02 %;99,01 %
2832;;100 %; Netherlands;Moune Ein / 9214VR / Smalle EE;7;0; ;0,01 %;99,38 %;0,00 %;99,01 %
2866;;100 %; Colombia;Puerto Colombia;7;3; ;0,01 %;99,39 %;0,01 %;99,02 %
2924;;96 %; Spain;O Grove;7;5; ;0,01 %;99,40 %;0,02 %;99,04 %
2927;;100 %; Sweden;Luleå;7;7; ;0,01 %;99,40 %;0,03 %;99,07 %
2935;;100 %; Denmark;Omoe;7;4; ;0,01 %;99,41 %;0,02 %;99,08 %
2968;;100 %; Netherlands;Drachten;7;0; ;0,01 %;99,42 %;0,00 %;99,08 %
2974;;98 %; Hong Kong;Hong Kong;7;0; ;0,01 %;99,43 %;0,00 %;99,08 %
2989;;100 %; Germany;Gernsheim;7;5; ;0,01 %;99,43 %;0,02 %;99,10 %
2994;;85 %; Norway;Moss;7;0; ;0,01 %;99,44 %;0,00 %;99,10 %
3017;;100 %; Germany;Duisburg;7;0; ;0,01 %;99,45 %;0,00 %;99,10 %
3105;;100 %; Netherlands;Roaming station;7;1; ;0,01 %;99,45 %;0,00 %;99,11 %
3213;;100 %; United States of America;Merritt Island, FL;7;0; ;0,01 %;99,46 %;0,00 %;99,11 %
3424;;100 %; Denmark;Holbæk;7;5; ;0,01 %;99,47 %;0,02 %;99,12 %
3430;;100 %; Greece;Nafplio Port;7;3; ;0,01 %;99,48 %;0,01 %;99,14 %
3495;;100 %; United Kingdom;Cornwall, The Lizard;7;0; ;0,01 %;99,48 %;0,00 %;99,14 %
3607;;98 %; United Kingdom;Scotland, Edinburgh;7;0; ;0,01 %;99,49 %;0,00 %;99,14 %
3638;;100 %; United Kingdom;Portland;7;0; ;0,01 %;99,50 %;0,00 %;99,14 %
3951;;100 %; Netherlands;Drachten;7;0; ;0,01 %;99,51 %;0,00 %;99,14 %
2056;;93 %; United States of America;New Orleans;6;6; ;0,01 %;99,51 %;0,02 %;99,16 %
2244;;100 %; Netherlands;Almelo;6;5; ;0,01 %;99,52 %;0,02 %;99,18 %
2393;;100 %; Norway;Rognan;6;6; ;0,01 %;99,52 %;0,02 %;99,20 %
2476;;100 %; Sweden;Norrmjöle;6;6; ;0,01 %;99,53 %;0,02 %;99,22 %
2301;;100 %; Netherlands;Grave;6;0; ;0,01 %;99,54 %;0,00 %;99,22 %
2479;;100 %; Estonia;Tallinn;6;0; ;0,01 %;99,54 %;0,00 %;99,22 %
2419;;98 %; Portugal;Porto Salvo;6;4; ;0,01 %;99,55 %;0,02 %;99,24 %
2450;;100 %; Sweden;Trollhattan;6;0; ;0,01 %;99,56 %;0,00 %;99,24 %
2542;;100 %; Australia;Shellharbour;6;4; ;0,01 %;99,56 %;0,02 %;99,25 %
2389;;99 %; Thailand;Surat Thani;6;6; ;0,01 %;99,57 %;0,02 %;99,28 %
2234;;100 %; Spain;Laracha;6;6;ea1hlh.es;0,01 %;99,58 %;0,02 %;99,30 %
2711;;87 %; Indonesia;Sampang;6;5;;0,01 %;99,58 %;0,02 %;99,32 %
2717;;100 %; Germany;Heilbronn;6;0; ;0,01 %;99,59 %;0,00 %;99,32 %
2858;;100 %; Germany;Brandenburg;6;6; ;0,01 %;99,59 %;0,02 %;99,34 %
2980;;100 %; Netherlands;Amsterdam;6;0; ;0,01 %;99,60 %;0,00 %;99,34 %
2999;;88 %; United States of America;Providence, RI;6;2; ;0,01 %;99,61 %;0,01 %;99,35 %
3139;;98 %; Spain;Canary Islands, Tenerife, Playa Paraiso;6;6; ;0,01 %;99,61 %;0,02 %;99,37 %
3160;;100 %; Germany;Wildau;6;0; ;0,01 %;99,62 %;0,00 %;99,37 %
3171;;100 %; Norway;Sokndal;6;1; ;0,01 %;99,63 %;0,00 %;99,37 %
3253;;98 %; France;Le Mée sur Seine;6;6; ;0,01 %;99,63 %;0,02 %;99,40 %
3353;;98 %; France;Plouzane;6;0; ;0,01 %;99,64 %;0,00 %;99,40 %
3489;;100 %; Brazil;Maceio;6;6; ;0,01 %;99,64 %;0,02 %;99,42 %
3656;;100 %; Russian Federation;Sankt Petersburg;6;6; ;0,01 %;99,65 %;0,02 %;99,44 %
3677;;99 %; United States of America;Hawai;6;6; ;0,01 %;99,66 %;0,02 %;99,47 %
3832;;100 %; United States of America;Indian Harbour Beach;6;6; ;0,01 %;99,66 %;0,02 %;99,49 %
3963;;100 %; Hong Kong;Wanchai;6;0; ;0,01 %;99,67 %;0,00 %;99,49 %
2283;;100 %; Israel;Haifa;5;4; ;0,01 %;99,67 %;0,02 %;99,50 %
2114;;100 %; Spain;Fuerteventura;5;5; ;0,01 %;99,68 %;0,02 %;99,52 %
2025;;49 %; Canada;Windsor, Ontario;5;5; ;0,01 %;99,69 %;0,02 %;99,54 %
2172;;92 %; United States of America;Navarre FL;5;5; ;0,01 %;99,69 %;0,02 %;99,56 %
2352;;100 %; Germany;Dresden;5;5; ;0,01 %;99,70 %;0,02 %;99,58 %
2149;;100 %; United States of America;Niceville, FL;5;4; ;0,01 %;99,70 %;0,02 %;99,59 %
2150;;100 %; Ireland;Lackenbehy;5;0; ;0,01 %;99,71 %;0,00 %;99,59 %
2568;;99 %; Germany;Wesel;5;4; ;0,01 %;99,71 %;0,02 %;99,61 %
2381;;100 %; Brazil;Recife;5;5; ;0,01 %;99,72 %;0,02 %;99,63 %
2336;;100 %; Sweden;Trollhättan;5;0; ;0,01 %;99,72 %;0,00 %;99,63 %
2451;;100 %; Sweden;Segersang;5;0; ;0,01 %;99,73 %;0,00 %;99,63 %
2503;;100 %; United Kingdom;Ardrossan;5;5; ;0,01 %;99,73 %;0,02 %;99,65 %
2615;;100 %; New Zealand;Tasman;5;0; ;0,01 %;99,74 %;0,00 %;99,65 %
2637;;100 %; Australia;Devonport;5;3; ;0,01 %;99,74 %;0,01 %;99,66 %
2665;;66 %; United Kingdom;London;5;0; ;0,01 %;99,75 %;0,00 %;99,66 %
2677;;100 %; Netherlands;Loch Lomond;5;3; ;0,01 %;99,75 %;0,01 %;99,67 %
2815;;97 %; Netherlands;Delft;5;0; ;0,01 %;99,76 %;0,00 %;99,67 %
2840;;100 %; Germany;Duisburg;5;0; ;0,01 %;99,76 %;0,00 %;99,67 %
3063;;100 %; United Kingdom;Bournemouth;5;0; ;0,01 %;99,77 %;0,00 %;99,67 %
3164;;93 %; Canada;Mississauga;5;0; ;0,01 %;99,77 %;0,00 %;99,67 %
3452;;100 %; Estonia;Tallinn;5;0; ;0,01 %;99,78 %;0,00 %;99,67 %
3453;;100 %; Germany;Stralsund;5;5; ;0,01 %;99,78 %;0,02 %;99,69 %
2280;;96 %; South Africa;Cape Town;4;1; ;0,00 %;99,79 %;0,00 %;99,69 %
3045;;92 %; United States of America;New York;4;0; ;0,00 %;99,79 %;0,00 %;99,69 %
2168;;100 %; Denmark;Dragør;4;0; ;0,00 %;99,80 %;0,00 %;99,69 %
2174;;99 %; New Zealand;Whakatane;4;4; ;0,00 %;99,80 %;0,02 %;99,71 %
2437;;100 %; United Kingdom;Liverpool;4;0; ;0,00 %;99,81 %;0,00 %;99,71 %
2581;;68 %; United States of America;Detroit;4;4; ;0,00 %;99,81 %;0,02 %;99,72 %
2470;;100 %; Netherlands;Zwolle;4;0; ;0,00 %;99,81 %;0,00 %;99,72 %
2407;;100 %; Finland;Turku;4;0; ;0,00 %;99,82 %;0,00 %;99,72 %
2220;;98 %; United Kingdom;Eccles;4;1; ;0,00 %;99,82 %;0,00 %;99,73 %
2048;;96 %; Sweden;Åkersberga;4;1; ;0,00 %;99,83 %;0,00 %;99,73 %
3003;;98 %; Canada;Young Island, Mahone Bay, Nova Scotia;4;4; ;0,00 %;99,83 %;0,02 %;99,75 %
2553;;100 %; Italy;Pescara ;4;4; ;0,00 %;99,84 %;0,02 %;99,76 %
2618;;100 %; Venezuela;Puerto Ordaz;4;4; ;0,00 %;99,84 %;0,02 %;99,78 %
2789;;100 %; Denmark;Aabenraa;4;4;;0,00 %;99,84 %;0,02 %;99,79 %
2824;;100 %; Belgium;Antwerpen;4;0; ;0,00 %;99,85 %;0,00 %;99,79 %
3069;;91 %; Unknown; ;4;0; ;0,00 %;99,85 %;0,00 %;99,79 %
3134;;100 %; Norway;Nærsnes;4;2; ;0,00 %;99,86 %;0,01 %;99,80 %
3257;;93 %; United Kingdom;Hythe, Hampshire;4;0; ;0,00 %;99,86 %;0,00 %;99,80 %
3320;;97 %; Netherlands;Venhuizen;4;0; ;0,00 %;99,86 %;0,00 %;99,80 %
3341;;100 %; Netherlands;Amstelveen;4;0; ;0,00 %;99,87 %;0,00 %;99,80 %
3349;;100 %; Norway;Hordvik;4;0; ;0,00 %;99,87 %;0,00 %;99,80 %
3366;;100 %; Germany;Lüneburg;4;0; ;0,00 %;99,88 %;0,00 %;99,80 %
3454;;86 %; United States of America;Tennessee, Eva;4;0; ;0,00 %;99,88 %;0,00 %;99,80 %
3472;;100 %; Germany;Flensburg;4;4; ;0,00 %;99,89 %;0,02 %;99,81 %
3703;;100 %; Uruguay;Roaming station;4;3; ;0,00 %;99,89 %;0,01 %;99,83 %
3932;;90 %; French Polynesia;Roaming station;4;0; ;0,00 %;99,89 %;0,00 %;99,83 %
2288;;97 %; Australia;Johanna;3;3; ;0,00 %;99,90 %;0,01 %;99,84 %
2057;;84 %; United States of America;Seattle;3;0;SkunkTracker;0,00 %;99,90 %;0,00 %;99,84 %
2286;;98 %; United Kingdom;Isle of Islay Scotland;3;2; ;0,00 %;99,90 %;0,01 %;99,84 %
2494;;100 %; Sweden;Ingarö;3;0; ;0,00 %;99,91 %;0,00 %;99,84 %
2478;;99 %; United Kingdom;Berwick-upon-Tweed;3;3; ;0,00 %;99,91 %;0,01 %;99,86 %
2410;;100 %; United Kingdom;Gourock;3;0; ;0,00 %;99,91 %;0,00 %;99,86 %
2181;;100 %; Norway;Vanersborg;3;0; ;0,00 %;99,92 %;0,00 %;99,86 %
2203;;100 %; Sweden;Vanersborg;3;0; ;0,00 %;99,92 %;0,00 %;99,86 %
2604;;100 %; Sweden;Sundbyberg;3;1; ;0,00 %;99,92 %;0,00 %;99,86 %
2686;;98 %; United Kingdom;Brighton;3;0; ;0,00 %;99,93 %;0,00 %;99,86 %
2742;;63 %; United States of America;San Francisco;3;0; ;0,00 %;99,93 %;0,00 %;99,86 %
2774;;100 %; France;Bidart;3;2; ;0,00 %;99,93 %;0,01 %;99,87 %
2785;;10 %; Hong Kong;Aberdeen;3;2; ;0,00 %;99,93 %;0,01 %;99,87 %
2810;;83 %; Philippines;Imus;3;0; ;0,00 %;99,94 %;0,00 %;99,87 %
2823;;88 %; Denmark;Kolding;3;3; ;0,00 %;99,94 %;0,01 %;99,89 %
2863;;100 %; Netherlands;Camping Kijkuit, Zonnemaire;3;0; ;0,00 %;99,94 %;0,00 %;99,89 %
3001;;81 %; United States of America;Southport;3;3; ;0,00 %;99,95 %;0,01 %;99,90 %
3006;;100 %; Netherlands;Heerenveen;3;2; ;0,00 %;99,95 %;0,01 %;99,91 %
3150;;91 %; Argentina;Ushuaia;3;3; ;0,00 %;99,95 %;0,01 %;99,92 %
3295;;100 %; Netherlands;Eijsden;3;3; ;0,00 %;99,96 %;0,01 %;99,93 %
3324;;98 %; United Kingdom;London;3;3; ;0,00 %;99,96 %;0,01 %;99,94 %
3339;;88 %; United States of America;Chebeague Island, Maine;3;3; ;0,00 %;99,96 %;0,01 %;99,95 %
3361;;98 %; Denmark;Korsør;3;2; ;0,00 %;99,97 %;0,01 %;99,96 %
3385;;100 %; Finland;Parainen;3;0; ;0,00 %;99,97 %;0,00 %;99,96 %
3514;;100 %; Ireland;Baltimore;3;3; ;0,00 %;99,97 %;0,01 %;99,97 %
3693;;87 %; Sweden;Hudiksvall;0;0; ;0,00 %;99,97 %;0,00 %;99,97 %
3705;;100 %; Netherlands;Den Ham;3;0; ;0,00 %;99,98 %;0,00 %;99,97 %
3896;;82 %; United States of America;Tarrytown, New York;3;2; ;0,00 %;99,98 %;0,01 %;99,98 %
2248;;57 %; Australia;Perth;2;0; ;0,00 %;99,98 %;0,00 %;99,98 %
2264;;100 %; Finland;Uto;2;2; ;0,00 %;99,98 %;0,01 %;99,98 %
2449;;52 %; United States of America;Johns Hopkins University;2;0; ;0,00 %;99,99 %;0,00 %;99,98 %
2033;;100 %; United States of America;Bodega Bay;2;2;Four Fathom Marine Technology;0,00 %;99,99 %;0,01 %;99,99 %
2368;;99 %; Denmark;Copenhagen ;2;0; ;0,00 %;99,99 %;0,00 %;99,99 %
2176;;98 %; Germany;Glueckstadt;2;0; ;0,00 %;99,99 %;0,00 %;99,99 %
2013;;98 %; Netherlands;Delft;2;0; ;0,00 %;99,99 %;0,00 %;99,99 %
2053;;99 %; United States of America;New Jersey, Howell;2;0; ;0,00 %;100,00 %;0,00 %;99,99 %
2016;;81 %; United States of America;Carolina Beach;2;2; ;0,00 %;100,00 %;0,01 %;100,00 %
2091;;100 %; Germany;Berlin;2;0; ;0,00 %;100,00 %;0,00 %;100,00 %
;;;;Total;95340;26376;;;;;
