ID,Status,Uptime,Country,Location,Ships,Distinct,Contributor
2213,,100 %,ÿUnknown,Worldwide,4399,2244, 
2010,,100 %,ÿNorway, ,3276,2484, 
2077,,100 %,ÿNetherlands,Harderwijk,1126,79, 
2241,,100 %,ÿNetherlands,Gouda,930,135, 
2945,,100 %,ÿNetherlands,Rotterdam,772,20, 
3438,,100 %,ÿNetherlands,Amsterdam,762,259, 
3103,,100 %,ÿCanada,Multiple Locations,715,0, 
3343,,100 %,ÿCanada,"Point Grey, BC",715,0, 
2141,,100 %,ÿNorway,Multiple AIS stations,636,113, 
3131,,100 %,ÿGreece,Elliniko,611,50, 
2097,,100 %,ÿNetherlands,Hellevoetsluis,558,11,InterTransIS
2918,,100 %,ÿSingapore,Singapore,545,49, 
2134,,100 %,ÿUnited States of America,"Fort Lauderdale, FL",537,66, 
2435,,100 %,ÿNetherlands,Katwijk,523,55, 
2145,,100 %,ÿBelgium,Antwerp,505,225,Tresco Engineering
3344,,100 %,ÿGreece,Athens,477,8, 
3808,,100 %,ÿSingapore,Singapore,463,135, 
3979,,100 %,ÿNetherlands,Hellevoetsluis,457,12, 
2902,,100 %,ÿSingapore,Singapore,453,31, 
3074,,100 %,ÿGreece,Piraeus,425,5, 
2214,,100 %,ÿNetherlands,Rotterdam,414,1, 
2946,,100 %,ÿSingapore,Singapore,406,14, 
2118,,100 %,ÿGreece,Alimos,396,5, 
3567,,57 %,ÿSingapore,Singapore,390,125, 
2997,,100 %,ÿSingapore,Keppel Bay,383,25, 
2698,,100 %,ÿNetherlands,Arnemuiden Oranjeplaat,377,91, 
2577,,100 %,ÿGermany,Hamburg,373,22, 
2323,,100 %,ÿNetherlands,Marken,365,8, 
2459,,100 %,ÿNetherlands,Edam,364,10, 
3943,,100 %,ÿKorea,Busan,357,239, 
3332,,100 %,ÿRussian Federation,Vladivostok,349,348, 
2446,,100 %,ÿNetherlands,IJmuiden,339,11, 
3038,,100 %,ÿGreece,Piraeus,338,0, 
2488,,100 %,ÿNetherlands,Oud-Beijerland,320,4, 
2550,,100 %,ÿSingapore,Singapore,315,25, 
2042,,100 %,ÿCanada,Vancouver,313,20, 
3182,,90 %,ÿUnited States of America,Seattle,310,40, 
2744,,91 %,ÿUnited States of America,Seattle,308,13, 
2413,,100 %,ÿGermany,Hamburg Alster,305,0,www.searoutes.com
2011,,100 %,ÿSweden,Gothenburg,303,0, 
2843,,100 %,ÿUnited Kingdom,Gravesend,302,46, 
2164,,100 %,ÿSweden,"Goteborg, West Coast",302,0, 
2236,,100 %,ÿNetherlands,IJmuiden,294,3,SHIPM8
3016,,100 %,ÿIndonesia,Jakarta,291,289, 
2803,,100 %,ÿNetherlands,Bergharen,288,19, 
3372,,97 %,ÿNetherlands,Wijchen,286,26, 
2126,,100 %,ÿGermany,Cologne,277,167, 
3978,,100 %,ÿUnited States of America,"Mandeville, LA",268,268, 
2484,,100 %,ÿUnited States of America,Biscayne Bay PS - Miami FL,265,68,SEAiq
3270,,100 %,ÿSweden,"Gothenburg - SW, S„r”",261,24, 
2276,,100 %,ÿBelgium,Schilde,260,16, 
2036,,100 %,ÿGermany,Hamburg,258,0, 
2475,,100 %,ÿNetherlands,Poortugaal,257,2, 
3857,,100 %,ÿGermany,Hamburg,256,0, 
2528,,100 %,ÿUnited Arab Emirates,Abu Dhabi,254,217, 
2169,,100 %,ÿItaly,La Spezia,249,82, 
3731,,100 %,ÿNetherlands,Rotterdam,246,0, 
2182,,83 %,ÿCanada,Vancouver,244,4, 
2599,,0 %,ÿNetherlands,Zwijndrecht,242,7, 
2146,,100 %,ÿSpain,Palma de Mallorca,242,229, 
3313,,25 %,ÿNetherlands,Rotterdam,239,0, 
2468,,100 %,ÿNetherlands,Rotterdam,236,20,InterTransIS
2261,,100 %,ÿUnited States of America,Seattle,236,89, 
2672,,100 %,ÿUnited States of America,Highlands,235,30, 
2292,,100 %,ÿBelgium,Gent,234,150, 
2650,,82 %,ÿUnited States of America,"Sabine Pass, TX",228,80, 
2517,,100 %,ÿBrazil,Belem,226,192, 
2298,,100 %,ÿNetherlands,Rotterdam,225,1, 
2603,,95 %,ÿGermany,Geesthacht,224,15, 
2878,,100 %,ÿGermany,Friedrichsort,222,2, 
2636,,100 %,ÿNetherlands,IJmuiden,221,1, 
3124,,100 %,ÿNetherlands,Zierikzee,220,64, 
2353,,100 %,ÿTaiwan (Province of China),Kaohsiung,220,219, 
2662,,100 %,ÿFrance,Le Havre,220,21, 
2404,,100 %,ÿUnknown,Roaming stations,220,66, 
2886,,100 %,ÿNetherlands,Maassluis,219,3, 
2326,,100 %,ÿJapan,Sumoto,217,209, 
2047,,100 %,ÿUnited States of America,Galveston Bay Texas,216,12, 
2177,,97 %,ÿHong Kong,Kowloon,215,147, 
2543,,100 %,ÿGermany,Hamburg,210,0, 
3737,,100 %,ÿBrazil,Rio de Janeiro,208,208, 
3092,,100 %,ÿUnited States of America,Bainbridge Island,207,2, 
2029,,100 %,ÿNetherlands,Den Oever,207,86, 
2624,,100 %,ÿSpain,Las Palmas de Gran Canaria,206,201, 
2602,,100 %,ÿSpain,Castelldefels,203,64, 
3917,,100 %,ÿUnited States of America,Jersey City,198,10, 
3029,,39 %,ÿNetherlands,Rockanje,198,14, 
2270,,100 %,ÿSaint Martin (FR),Simpson Bay,194,35, 
3240,,100 %,ÿNetherlands,Huizen,193,28, 
2249,,100 %,ÿUnited States of America,San Diego,186,42, 
2638,,100 %,ÿAustralia,Manly,185,65, 
3715,,100 %,ÿSpain,Valencia,182,32, 
3116,,100 %,ÿNetherlands,Amsterdam,175,2, 
3700,,100 %,ÿNetherlands,Emmeloord,174,20, 
2559,,100 %,ÿNetherlands,Nijmegen,174,7, 
2344,,100 %,ÿSlovenia,Koper,173,36, 
2291,,100 %,ÿGermany,Bremerhaven,173,9,North Sea Terminal Bremerhaven GmbH & Co.
2987,,100 %,ÿNetherlands,"Vogelwaarde, Zeeland",173,23, 
3513,,0 %,ÿNetherlands,Hoornaar,171,16, 
2619,,89 %,ÿUnited States of America,Groves,170,170, 
2737,,100 %,ÿGermany,Hamburg,168,1, 
3681,,100 %,ÿUnited States of America,Seattle,167,0, 
3392,,100 %,ÿGermany,Lienen,167,17, 
2376,,100 %,ÿUnknown,Roaming Station,167,10, 
2724,,100 %,ÿAustralia,"North Ryde, NSW",167,15, 
3974,,100 %,ÿUnited States of America,Seattle,166,10, 
3965,,100 %,ÿItaly,Genoa,166,10, 
3443,,100 %,ÿUnited States of America,Seattle,165,0, 
2826,,100 %,ÿUnknown,Roaming station,164,163, 
2112,,100 %,ÿNetherlands,Harlingen,161,61, 
2806,,82 %,ÿUnited States of America,San Francisco,160,27, 
3665,,100 %,ÿSweden,Stockholm,160,68, 
2747,,100 %,ÿGermany,Wilhelmshaven,159,9, 
2857,,100 %,ÿCanada,Vancouver,156,0, 
3537,,100 %,ÿPoland,Boles?awiec,156,53, 
3682,,100 %,ÿFrance,UK,152,22, 
2726,,100 %,ÿUnited States of America,Seattle,151,0, 
2355,,100 %,ÿSweden,"Torslanda, Gothenburg ",150,18, 
2635,,100 %,ÿItaly,Roaming station,149,0, 
3012,,99 %,ÿTurkey,Istanbul,148,141, 
2088,,93 %,ÿSingapore,Singapore,147,1, 
2940,,99 %,ÿAustralia,"Thornlands, Queensland",146,35, 
2372,,100 %,ÿCanada,Vancouver,144,1, 
2489,,68 %,ÿItaly,Genoa,144,4, 
3455,,100 %,ÿUnited States of America,Los Angeles,143,3, 
3203,,100 %,ÿGreece,Athens,143,7, 
2505,,100 %,ÿSweden,G”teborg,142,0, 
3824,,100 %,ÿUnited States of America,"Miami, FL",141,0, 
2799,,73 %,ÿIndonesia,Jepara,141,135, 
2397,,99 %,ÿDenmark,Copenhagen,140,41, 
3428,,100 %,ÿSpain,Valencia,140,0, 
3142,,100 %,ÿUnknown,Roaming station,140,0, 
2076,,100 %,ÿSpain,Murcia,139,100,Localiz
2490,,100 %,ÿIndonesia,Jakarta,139,139, 
2350,,100 %,ÿNetherlands,Delfzijl,139,77, 
2464,,100 %,ÿGermany,Wentorf,138,0, 
2338,,100 %,ÿUnited Arab Emirates,Ansam,138,92, 
2093,,100 %,ÿFrance,Rouen,137,12, 
2139,,100 %,ÿDenmark,Islands Brygge,136,33, 
2281,,100 %,ÿPortugal,Sines,135,86, 
2305,,100 %,ÿUnited States of America,"Florida, Fort Lauderdale",135,0, 
2221,,100 %,ÿNorway,Stavanger,134,29, 
2178,,100 %,ÿFrance,Rouen,133,0, 
3358,,100 %,ÿSweden,Gothenburg,133,0, 
3367,,100 %,ÿQatar,Doha,131,131, 
3156,,100 %,ÿGreece,Athens,131,2, 
2087,,100 %,ÿGermany,Duisburg,130,90, 
2035,,100 %,ÿUnited States of America,Seattle,130,121,Shine Micro
2610,,100 %,ÿGermany,Kiel,129,37, 
2278,,100 %,ÿArgentina,Mar del Plata,128,128, 
3984,,100 %,ÿNorway,Tromsoe,128,27, 
3335,,100 %,ÿNetherlands,Genderen,128,28, 
3322,,100 %,ÿKorea,Busan,127,9, 
3673,,100 %,ÿSpain,Barcelona,126,15, 
2512,,100 %,ÿCanada,Quadra Island,125,65, 
3630,,100 %,ÿAustralia,Cape Lambert,125,63, 
3023,,100 %,ÿNetherlands,Rozenburg,124,0, 
2102,,93 %,ÿFrance,Antibes,123,73, 
3632,,100 %,ÿSingapore,Singapore,123,0, 
2460,,100 %,ÿDenmark,Niv†,122,12, 
3168,,100 %,ÿPoland,Gda?sk,121,16, 
3061,,100 %,ÿArgentina,Buenos Aires,120,120, 
3752,,100 %,ÿJapan,Tokyo,120,118, 
2481,,100 %,ÿFinland,Vaasa,120,0, 
2955,,100 %,ÿCanada,Bowen Island,119,4, 
2797,,100 %,ÿUnited States of America,Signal Hill,118,20, 
2975,,100 %,ÿTurkey,Fethiye,118,107, 
3135,,100 %,ÿNetherlands,Koog aan de Zaan,118,6, 
2018,,100 %,ÿUnited Kingdom,Cowes,118,19, 
2981,,100 %,ÿBelgium,Oostende,117,0, 
2402,,100 %,ÿNetherlands,Spijkenisse,115,4, 
2426,,100 %,ÿUnited States of America,San Francisco Bay,115,5, 
3272,,100 %,ÿHong Kong,Tseung Kwan O,114,84, 
3317,,100 %,ÿNetherlands,Veere,113,8,Marina Veere B.V.
2731,,100 %,ÿUkraine,Kyiv,111,0, 
2770,,100 %,ÿNew Zealand,Marlborough Sounds,110,101, 
3634,,87 %,ÿItaly,Udine,109,5, 
2607,,100 %,ÿUnknown,Roaming station,108,11, 
3412,,100 %,ÿNetherlands,Rotterdam,107,0, 
2335,,100 %,ÿFrance,Le Havre,107,1, 
2523,,100 %,ÿNetherlands,Middenbeemster,107,0, 
3376,,100 %,ÿUnited States of America,San Francisco,106,9, 
3198,,100 %,ÿNorway,"Jeloy, Moss",106,12, 
2831,,100 %,ÿNetherlands,Delft,106,0, 
2597,,100 %,ÿUnited States of America,San Pedro,106,22, 
3933,,100 %,ÿUnited Kingdom,"Bursledon, Solent",103,7, 
3254,,100 %,ÿNetherlands,Emmeloord,102,6, 
3354,,100 %,ÿAustralia,Port Hedland,101,39, 
3258,,87 %,ÿViet Nam,Haiphong,101,101, 
2708,,96 %,ÿUnited Kingdom,Fareham,101,7, 
2651,,96 %,ÿJersey,S/Y Aweh,100,8, 
3234,,100 %,ÿFrance,L'Epine,99,17, 
2757,,100 %,ÿUnited States of America,New Orleans,99,98, 
2471,,100 %,ÿFrance,UBS-Vannes,98,9, 
3491,,100 %,ÿGermany,Hamburg,98,0, 
2554,,100 %,ÿNetherlands,Gorinchem,97,3, 
2912,,94 %,ÿBelgium,Zeebruge,97,25,dotOcean
2923,,100 %,ÿDenmark,Lemvig,95,93, 
3402,,27 %,ÿKorea,Incheon,94,61, 
3597,,100 %,ÿUnited States of America,Hampton Virginia,94,47, 
2963,,90 %,ÿUnited States of America,"Anacortes, WA",94,20,CleverKathy Designs
3597,,100 %,ÿUnited States of America,Hampton Virginia,94,47, 
2334,,99 %,ÿRussian Federation,Ust-Luga,92,83, 
2661,,100 %,ÿNetherlands,Amersfoort,92,24, 
3445,,100 %,ÿUnited Kingdom,Minster On Sea,91,0, 
2807,,100 %,ÿGermany,Bremerhaven,90,3, 
2474,,100 %,ÿUnited Kingdom,Gosport,90,9, 
3287,,82 %,ÿNetherlands,Renesse,89,8, 
2817,,100 %,ÿNetherlands,WSV de Kogge,89,19, 
3459,,65 %,ÿBelgium,Oostende,89,5,Flanders Marine Institute
2720,,100 %,ÿSpain,Vigo Bay,88,27, 
2771,,100 %,ÿNetherlands,West-Terschelling,88,43,Maritime Institute Willem Barentsz
3299,,100 %,ÿNetherlands,Zwijndrecht,88,12, 
3141,,100 %,ÿNetherlands,Harkstede,88,13, 
2775,,100 %,ÿNetherlands,Franeker,88,6, 
2655,,100 %,ÿNetherlands,Sliedrecht,88,60, 
3329,,100 %,ÿUnited Kingdom,Plymouth,88,27, 
2697,,100 %,ÿUnited States of America,"Bremerton, WA",87,12, 
2892,,94 %,ÿNetherlands,Duiven,87,23, 
2649,,100 %,ÿUnited Kingdom,Southampton,87,6, 
2950,,100 %,ÿUnited States of America,"Anacortes, WA",86,12, 
2893,,100 %,ÿIsrael,Haifa,86,0, 
2825,,100 %,ÿUnited Kingdom,Alton,86,11, 
2371,,100 %,ÿIsrael,Haifa,86,0, 
2136,,100 %,ÿNetherlands,NW_Overijssel ,86,13, 
3093,,100 %,ÿCyprus,Limassol,85,52, 
2189,,95 %,ÿItaly,Milazzo,85,52, 
2899,,100 %,ÿGermany,Berlin,85,64, 
2573,,99 %,ÿItaly,Venice,85,25, 
2641,,100 %,ÿGermany,Hooksiel,84,11, 
3653,,100 %,ÿGreece,Aegina Island,84,8, 
2115,,100 %,ÿUnited Kingdom,London,83,1, 
2191,,100 %,ÿUnited Kingdom,Aberdeen,83,12, 
2812,,100 %,ÿUnited States of America,San Francisco,83,58, 
2648,,100 %,ÿUnited Kingdom,London,82,2, 
2845,,100 %,ÿGermany,Cuxhaven,81,75, 
2701,,100 %,ÿAustralia,O'Connor,80,71, 
2719,,100 %,ÿLithuania,Klaipeda,80,80, 
2813,,100 %,ÿCanada,Vancouver,80,0, 
3593,,100 %,ÿGermany,Rostock,79,38, 
3544,,100 %,ÿSweden,Gothenburg,78,0, 
2718,,100 %,ÿUnknown,Roaming station,78,31, 
3193,,100 %,ÿUnited Kingdom,Aberdeenshire,78,25, 
2537,,74 %,ÿUnited States of America,"Savannah, Georgia",77,28, 
3022,,55 %,ÿGermany,Roaming station,77,0, 
3939,,100 %,ÿFrance,Nice,77,25, 
2137,,100 %,ÿGermany,Bremen,76,5, 
2463,,100 %,ÿCanada,Prince Rupert,76,8, 
2073,,100 %,ÿUnited Kingdom,Felixstowe ,75,16, 
2896,,22 %,ÿSpain,Barcelona,75,3,FroL
3457,,95 %,ÿUnited States of America,"Stephensville, Louisiana",74,62, 
3660,,74 %,ÿAustralia,Roaming station,74,20, 
2993,,100 %,ÿThailand,Samut Prakan,74,59, 
2058,,100 %,ÿDenmark,Humlebaek,74,0, 
2020,,100 %,ÿUnited Kingdom,Liverpool,74,0,www.shipais.com
2967,,24 %,ÿUnited Kingdom,Birkenhead,74,0, 
2804,,100 %,ÿNorway,Oslo,73,6, 
2422,,100 %,ÿAustralia,Collaroy Plateau,73,25, 
3479,,100 %,ÿUnited States of America,San Diego,73,4, 
3840,,100 %,ÿDenmark,R›sn‘s Fyr,73,61, 
2586,,96 %,ÿNorway,"Jeloy, Moss",72,0, 
3845,,100 %,ÿUnited States of America,"Bellingham, WA",72,61, 
2443,,100 %,ÿNetherlands,Julianadorp,72,6, 
3004,,100 %,ÿSlovenia,Izola,71,0, 
2289,,100 %,ÿFrance,Six Fours Les Plages,71,70, 
2277,,100 %,ÿUnited States of America,Dania Beach - Florida,71,0, 
2113,,100 %,ÿSaudi Arabia,Tabuk,71,68, 
3842,,100 %,ÿUnited Kingdom,Brighton,71,40, 
3497,,100 %,ÿDenmark,R›dby,70,9, 
2313,,100 %,ÿUnited Kingdom,"Broadstairs, Kent",70,2, 
2180,,100 %,ÿFrance,Rouen,70,0, 
2821,,100 %,ÿCanada,Burnaby,70,0, 
2593,,100 %,ÿCanada,Prince Rupert,69,1, 
2365,,100 %,ÿNew Zealand,Auckland,69,1, 
2716,,91 %,ÿUnited Kingdom,Gosport,69,4, 
2043,,70 %,ÿPoland,Szczecin-Golecin,68,31,Advanced Technology Engineering
3400,,100 %,ÿPhilippines,Paranaque,68,66, 
3269,,100 %,ÿNetherlands,Bergen op Zoom,68,9, 
2667,,100 %,ÿNetherlands,Eelde,68,6, 
3447,,100 %,ÿSweden,Helsingborg,68,14, 
3152,,100 %,ÿBelgium,Zeebrugge,67,38,Citymesh
2099,,100 %,ÿUnited States of America,US East Coast,67,9, 
2922,,99 %,ÿSpain,Alcaidesa,67,36, 
2135,,100 %,ÿUnited States of America,"Wilmington, CA",67,1, 
2199,,100 %,ÿUnited States of America,Vicksburg,67,67, 
2379,,100 %,ÿNetherlands,Zeist,66,27,QPS
3827,,100 %,ÿTaiwan (Province of China),Keelung,66,65, 
2116,,100 %,ÿUnited States of America,"Eastport, Annapolis, MD",66,50, 
2300,,100 %,ÿBelgium,Antwerp Harbour 1,66,5,www.vemasys.com
2949,,100 %,ÿNorway,Bergen,66,1, 
2308,,100 %,ÿUnited States of America,"Jupiter, FL",65,65, 
2273,,100 %,ÿNetherlands,Rotterdam,65,0, 
2689,,100 %,ÿNorway,Haugesund,65,7, 
3077,,100 %,ÿGermany,Kiel,65,0, 
3176,,100 %,ÿSweden,N„sudden Ingar”,65,3, 
2380,,100 %,ÿFinland,Helsinki,64,21, 
2394,,100 %,ÿItaly,Livorno,64,2, 
2511,,100 %,ÿSouth Africa,Cape Town,64,16, 
3145,,100 %,ÿCanada,Vancouver,63,2, 
3202,,100 %,ÿHong Kong,Tsuen Wan,63,18, 
3473,,100 %,ÿNetherlands,Breskens,63,0, 
3202,,100 %,ÿHong Kong,Tsuen Wan,63,18, 
3174,,99 %,ÿUnited Kingdom,"Higham, Kent",62,2, 
2502,,100 %,ÿAustralia,Scarborough,62,37, 
3526,,100 %,ÿUnited Arab Emirates,Abu Dhabi,62,24, 
2959,,100 %,ÿSpain,Valencia,62,2, 
3075,,98 %,ÿSlovenia,Colomban,61,0, 
3149,,100 %,ÿGermany,Bremerhaven,60,0, 
2037,,100 %,ÿFrance,France,60,16, 
2836,,99 %,ÿFrance,Brest,59,7, 
2652,,100 %,ÿGermany,Hamburg,59,0, 
2539,,99 %,ÿCanada,Noth Vancouver,59,0, 
2653,,100 %,ÿFrance,La Rochelle,59,42, 
3136,,100 %,ÿNorway,Bergen,59,2, 
2110,,100 %,ÿGermany,Bremen,58,2, 
3151,,100 %,ÿNorway,Trondheim,58,26, 
3417,,100 %,ÿSweden,Sodra Bjorkfjarden,58,34, 
2081,,100 %,ÿMartinique,Fort-de-France,58,5, 
2070,,100 %,ÿAustralia,"Nelson Bay, NSW",58,41, 
2589,,99 %,ÿNorway,Asker,58,29, 
3090,,100 %,ÿSouth Africa,Umhlanga,58,3, 
2637,,100 %,ÿAustralia,Devonport,57,31, 
3207,,100 %,ÿThailand,Bangkok,57,2, 
2782,,100 %,ÿNetherlands,Sneek,57,53, 
3271,,100 %,ÿSpain,Torrevieja,57,25, 
2347,,100 %,ÿNetherlands,The Hague,57,1, 
3031,,100 %,ÿMalta,Malta Freeport,57,45, 
2403,,100 %,ÿGermany,Stadersand,57,12, 
2996,,100 %,ÿGreece,Nea Erithrea,57,0, 
2976,,100 %,ÿCanada,Vancouver,57,0, 
3212,,100 %,ÿNetherlands,Maarssenbroek,56,21, 
3674,,100 %,ÿUnited States of America,"Seattle, WA",56,0, 
2473,,100 %,ÿNorway,"Oslofjord, Fulehuk Lighthouse",56,8, 
3589,,100 %,ÿNorway,Tomasjord,56,0, 
2095,,100 %,ÿUnited Kingdom,Southampton,56,6, 
2209,,100 %,ÿFrance,Saint-Malo,56,11, 
2282,,100 %,ÿUnited States of America,Seattle,55,3, 
3768,,100 %,ÿSouth Africa,Cape Town,55,5, 
2525,,100 %,ÿItaly,Meta (Naples),55,35, 
2160,,100 %,ÿNorway,Bergen,55,28, 
3130,,100 %,ÿDenmark,Lunderskov,55,13, 
2061,,100 %,ÿBelgium,Ostend,54,1, 
3997,,100 %,ÿNorway,Molde,54,25, 
3307,,98 %,ÿPoland,Gdansk,54,0, 
3574,,100 %,ÿSpain,Vigo,54,0, 
3646,,100 %,ÿNetherlands,Urk,54,1, 
2692,,100 %,ÿSingapore,Pasir Ris,54,17, 
2695,,100 %,ÿFinland,Turku,54,11, 
2130,,100 %,ÿUnited Kingdom,Sheerness,54,0, 
2279,,100 %,ÿAustralia,Minyama Sunshine Coast QLD,54,53, 
2642,,100 %,ÿUnited Kingdom,Southampton,53,2, 
3096,,100 %,ÿUnited Kingdom,Wirral,53,0, 
3032,,100 %,ÿSpain,Badalona,53,4, 
2206,,100 %,ÿUnited Kingdom,Cleethorpes,53,0, 
2251,,85 %,ÿNetherlands,Maasbommel,52,2, 
3581,,90 %,ÿGermany,Helgoland,52,37, 
3043,,100 %,ÿMonaco,Monaco,52,52, 
2911,,100 %,ÿSpain,el Toro,52,39, 
3853,,100 %,ÿMauritius,Port Louis,52,52, 
2346,,100 %,ÿNetherlands,Amsterdam,52,1, 
2786,,100 %,ÿTurkey,BakÕrk”y,52,47, 
3175,,100 %,ÿUnited Kingdom,Tangmere,52,15, 
2337,,100 %,ÿBrazil,Florianopolis,52,39, 
2861,,100 %,ÿGermany,Karlsruhe,51,49,Fraunhofer IOSB
3487,,100 %,ÿUnited States of America,Friday Harbor,51,2, 
3217,,100 %,ÿUnited States of America,"Seattle, WA",51,9, 
3809,,100 %,ÿUnited States of America,Norfolk VA,51,7, 
2973,,100 %,ÿUnited States of America,Savannah GA,51,2, 
2791,,100 %,ÿUnited States of America,"Florida, Tampa",51,37, 
3711,,13 %,ÿAustralia,Cairns,50,50, 
2867,,100 %,ÿFinland,Vantaa,50,6, 
2163,,100 %,ÿAustralia,Koumala,50,50, 
2333,,100 %,ÿUnited Kingdom,Worldwide,49,31, 
3099,,100 %,ÿNetherlands,Espel,49,0, 
2952,,100 %,ÿGermany,Hamburg,49,0, 
2147,,100 %,ÿSpain,S/C de Tenerife,49,44, 
2023,,100 %,ÿUnited States of America,"Baltimore, Maryland",49,14, 
2654,,100 %,ÿGuernsey,St Martin,49,22, 
3232,,100 %,ÿGermany,Cologne,49,0, 
3102,,100 %,ÿGreece,Athens,49,0, 
2777,,100 %,ÿUnited Kingdom,Southampton,48,0, 
2351,,100 %,ÿNetherlands,Goes,48,2, 
2398,,100 %,ÿGermany,Berlin,48,1, 
3410,,93 %,ÿJapan,Aomori,47,47, 
2205,,100 %,ÿPortugal,Silves,47,13, 
2567,,91 %,ÿUnited Kingdom,Plymouth,47,2, 
2120,,25 %,ÿUnited Kingdom,Aberdeen,47,0, 
3147,,100 %,ÿNorway,Troms›,47,0, 
2741,,100 %,ÿUnited States of America,Stanford,47,1, 
2107,,100 %,ÿBrazil,Santos,47,47, 
3987,,100 %,ÿBelgium,Wenduine,47,0, 
3470,,95 %,ÿFrance,Saint-Malo,46,1, 
3007,,100 %,ÿNetherlands,Maarssen,46,8, 
3166,,100 %,ÿNetherlands,Zaandam,46,0, 
2805,,100 %,ÿGermany,Norderney,46,36, 
2447,,100 %,ÿUnited Kingdom,Rochester,46,1, 
2522,,100 %,ÿFrance,Port de Bouc,46,46, 
3962,,100 %,ÿUnited States of America,Seattle,45,0, 
2143,,97 %,ÿNetherlands,Sliedrecht,45,7, 
2625,,100 %,ÿNetherlands,Sint Anne,45,3, 
2934,,84 %,ÿFrench Polynesia,Tahiti,45,45, 
2143,,97 %,ÿNetherlands,Sliedrecht,45,7, 
3658,,99 %,ÿUnited States of America,Cape May,45,37, 
2995,,96 %,ÿAustralia,Kingston,45,13, 
2625,,100 %,ÿNetherlands,Sint Anne,45,3, 
3721,,100 %,ÿNorway,Bergen,45,4, 
2165,,100 %,ÿGermany,Hamburg,44,1, 
2887,,100 %,ÿSweden,Djurhamn,44,22, 
2175,,100 %,ÿGermany,Berlin Rummelsburg,44,3, 
2925,,100 %,ÿAustralia,Elizabeth,44,10, 
2713,,100 %,ÿUnited Kingdom,"Scotland, Greenock",44,27, 
3654,,100 %,ÿUnited Kingdom,Portsmouth,44,1, 
3071,,100 %,ÿMexico,Gulf of California,44,2, 
2428,,100 %,ÿFrance,Le Havre,44,0, 
2693,,100 %,ÿFrance,Roaming station,43,0,SailGrib
3179,,100 %,ÿDenmark,Aarhus,43,10, 
2345,,100 %,ÿUnknown,Multiple AIS stations,43,0, 
3256,,100 %,ÿUnited Kingdom,Bangor,43,28, 
3278,,100 %,ÿUnited States of America,Maryland,42,0, 
2304,,100 %,ÿSweden,Ingarostrand,42,4, 
2798,,100 %,ÿAustria,Linz,42,14, 
2377,,100 %,ÿUnited Kingdom,Poole,42,19, 
2574,,100 %,ÿNetherlands,Zwolle,42,5, 
2030,,100 %,ÿGermany,Rostock,41,15, 
2059,,100 %,ÿPortugal,Azores,41,5, 
2367,,100 %,ÿSpain,Sant Carles de la Rapita,41,41, 
2796,,100 %,ÿCanada,Victoria,41,2, 
3746,,100 %,ÿGermany,Wernsdorf,40,5, 
2266,,94 %,ÿSweden,Sodersvik,40,13, 
2504,,100 %,ÿMalaysia,Kota Kinabalu,40,40, 
2094,,100 %,ÿNetherlands,Helmond,40,0, 
2290,,100 %,ÿGreece,Athens,40,12, 
2571,,100 %,ÿNetherlands,Leens,40,0, 
2669,,100 %,ÿCyprus,Limaasol,40,7, 
3291,,100 %,ÿGreece,Peraia,39,22, 
3083,,100 %,ÿCanada,New Westminster,39,0, 
2079,,100 %,ÿCanada,Halifax,39,8, 
3054,,100 %,ÿFinland,Turku,39,0, 
2761,,99 %,ÿNetherlands,Huissen,39,0, 
3221,,100 %,ÿUnited States of America,"Mill Valley, CA",39,1, 
3095,,99 %,ÿPoland,Szczecin,39,0,ALERT PLUS ?nergetyka i ?elekomunikacja
3226,,99 %,ÿPoland,Szczecin,38,0,ALERT PLUS ?nergetyka i ?elekomunikacja
3370,,100 %,ÿNorway,Bodo,38,0, 
3419,,100 %,ÿUnited States of America,"Cambridge, MA",38,13, 
3220,,99 %,ÿPoland,"Szczecin, D?bie",38,0,ALERT PLUS ?nergetyka i ?elekomunikacja
3476,,100 %,ÿSweden,S”lvesborg,38,38, 
2415,,100 %,ÿFrance,Brest,38,0, 
2453,,100 %,ÿNorway,Kristiansand,38,12, 
2864,,100 %,ÿCanada,Victoria,38,10, 
3215,,100 %,ÿBelgium,Antwerp,37,0, 
2030,,100 %,ÿGermany,Rostock,37,15, 
3441,,100 %,ÿNetherlands, ,37,5, 
3241,,100 %,ÿMorocco,Casablanca,37,37, 
2595,,100 %,ÿGermany,Bremen,37,10, 
2928,,100 %,ÿNorway,Hammerfest,37,12, 
3616,,99 %,ÿNetherlands,Vlissingen,37,0, 
3370,,100 %,ÿNorway,Bodo,37,0, 
3841,,100 %,ÿFrance,Brest,37,0, 
2265,,100 %,ÿUnited Kingdom,Falmouth,36,27, 
3274,,100 %,ÿUnited Kingdom,Welton,36,9, 
3471,,100 %,ÿSweden,Wik-Inn Marina,36,22, 
2864,,100 %,ÿCanada,Victoria,36,10, 
3543,,100 %,ÿCanada,Halifax,36,5, 
3300,,100 %,ÿNorway,Bod›,36,1, 
3822,,100 %,ÿCanada,Calgary,36,17, 
3998,,100 %,ÿFaroe Islands,T¢rshavn,36,36, 
2773,,100 %,ÿSpain,Burriana,35,29, 
2904,,100 %,ÿNetherlands,Wezep,35,1, 
2066,,100 %,ÿUnited Kingdom,Orkney,35,35,EMEC
3021,,100 %,ÿNetherlands,Echteld,35,0, 
2351,,100 %,ÿNetherlands,Goes,35,3, 
2684,,100 %,ÿNorway,"Oslo, Frognerkilen",35,20, 
3159,,100 %,ÿNetherlands,Gendt,35,1, 
3211,,100 %,ÿNew Zealand,Auckland,35,0, 
2106,,53 %,ÿDenmark,L›rslev,34,21, 
2287,,98 %,ÿNetherlands,Rosmalen,34,11, 
2473,,100 %,ÿNorway,"Oslofjord, Fulehuk Lighthouse",34,1, 
3248,,54 %,ÿUnited Kingdom,Kent,34,5, 
3950,,100 %,ÿNetherlands,Amsterdam,34,1, 
2509,,100 %,ÿPortugal,Matosinhos,34,2,CEiiA - Centre of Engineering and Product Development
2558,,100 %,ÿUnited Kingdom,Gelliswick,33,33, 
2259,,100 %,ÿColombia,Salgar,33,10, 
2198,,100 %,ÿNorway,Kristiansund,33,9, 
2299,,99 %,ÿFrance,"Locmalo, Port-Louis",33,1, 
3862,,100 %,ÿAustralia,Tea Tree Gully,33,0, 
3173,,100 %,ÿAustralia,Pgehgans Bay,33,7, 
2629,,100 %,ÿUnited States of America,"Monterey, CA",33,21, 
2165,,100 %,ÿGermany,Hamburg,32,1, 
2111,,100 %,ÿTurkey,G”cek,32,25, 
3485,,100 %,ÿGreece,Patra,32,32, 
3318,,100 %,ÿSpain,Getxo,32,32, 
3076,,100 %,ÿFrance,Hegenheim,32,24, 
2627,,100 %,ÿUnited States of America,Groton CT,32,16, 
2974,,90 %,ÿHong Kong,Hong Kong,31,1, 
3268,,99 %,ÿNetherlands,The Hague,31,0, 
3251,,100 %,ÿUnited States of America,"Palmetto, FL",31,31, 
2340,,100 %,ÿSpain,Valencia,31,0, 
3488,,100 %,ÿAustralia,Parramatta,31,0, 
2746,,86 %,ÿAustria,Leonding,31,4, 
3347,,100 %,ÿNetherlands,Krimpen aan den IJssel,30,0, 
2319,,100 %,ÿSweden,Stockholm,30,1, 
2247,,100 %,ÿUnited States of America,"Hanover, Maryland ",30,4, 
2275,,100 %,ÿFrance,Lorient,30,1, 
2423,,47 %,ÿGermany,Rostock,30,0, 
2827,,100 %,ÿUnited States of America,Key Largo,30,30, 
2240,,100 %,ÿSpain,Vilanova i la Geltru,30,7, 
3347,,100 %,ÿNetherlands,Krimpen aan den IJssel,30,0, 
2818,,100 %,ÿUnited States of America,"Hawaii, Kailua",30,17, 
3460,,100 %,ÿUnited States of America,"Everett, Washington",30,20, 
3456,,73 %,ÿJapan,Hakodate,0,0, 
3764,,100 %,ÿUnited States of America,Burlington KY,29,29, 
2400,,100 %,ÿDenmark,Norresundby,29,20, 
3582,,100 %,ÿUnited States of America,Charleston,29,29, 
2882,,100 %,ÿUnited States of America,Roaming station,29,14, 
2515,,100 %,ÿUnited Kingdom,Lyme Regis,29,10, 
3348,,100 %,ÿPortugal,Coimbra,29,15, 
3024,,100 %,ÿJapan,"Katsuura, Chiba",29,26, 
2847,,100 %,ÿSweden,Stockholm,29,0, 
2296,,100 %,ÿUnited Kingdom,Ramsgate,29,0, 
2688,,100 %,ÿGermany,Lbeck,29,28, 
2715,,100 %,ÿThailand,Songhla,29,29, 
2140,,100 %,ÿNetherlands,Rotterdam,28,0, 
2980,,100 %,ÿNetherlands,Amsterdam,28,2, 
3575,,66 %,ÿSpain,Huelva,28,28, 
2297,,100 %,ÿUnited Kingdom,Great Yarmouth,28,26, 
2187,,100 %,ÿUnited States of America,"Canada, Monterey",28,11, 
2969,,100 %,ÿUnited States of America,Clifton,28,13, 
2457,,100 %,ÿGermany,Madgeburg,28,28, 
2179,,100 %,ÿNew Zealand,Roaming station,28,0, 
3598,,100 %,ÿAustralia,Tasmania,28,2, 
2493,,100 %,ÿCanada,Sorel-Tracy,28,6, 
3621,,87 %,ÿAustralia,Kettering,28,0, 
2507,,100 %,ÿMexico,"Nuevo Vallarta, Nayarit",28,11, 
2986,,73 %,ÿItaly,Gulf of Milazzo,28,0, 
2590,,100 %,ÿNetherlands,Breda,28,10, 
2316,,100 %,ÿGuernsey,Guernsey,28,0, 
2329,,100 %,ÿUnited States of America,Riverton,28,14, 
2611,,100 %,ÿNew Zealand,Tauranga,28,1, 
2639,,100 %,ÿSpain,Calonge,28,27, 
3423,,99 %,ÿGermany,Oldendorf,27,5, 
3531,,100 %,ÿAustralia,Bunbury,27,8, 
2369,,88 %,ÿUnited States of America,Seattle,27,15, 
3963,,100 %,ÿHong Kong,Wanchai,27,2, 
2584,,100 %,ÿGermany,Rendsburg,27,20, 
2436,,100 %,ÿUnited States of America,"Treehouse, Virgin Islands",27,4, 
2801,,100 %,ÿFrance,Boulogne-sur-Mer,27,22, 
2225,,20 %,ÿFrance,Brest,26,0, 
3115,,100 %,ÿDenmark,Skoedstrup,26,3, 
3710,,100 %,ÿPortugal,Maia,26,2, 
2811,,100 %,ÿEstonia,Tallinn,26,13, 
3486,,100 %,ÿFrance,Hendaye,26,22, 
2915,,100 %,ÿNetherlands,Amersfoort,26,0, 
2837,,100 %,ÿUnited Kingdom,Oldcroft,26,5, 
2811,,100 %,ÿEstonia,Tallinn,26,13, 
2225,,20 %,ÿFrance,Brest,26,0, 
3627,,100 %,ÿNetherlands,Druten,26,0, 
2819,,96 %,ÿUnknown,Roaming station,26,0, 
2104,,100 %,ÿDenmark,Gersh›j,26,4, 
2317,,100 %,ÿCanada,Maple Bay,26,0, 
2551,,27 %,ÿGermany,"Elbe River, Drochtersen",26,8, 
2588,,100 %,ÿNetherlands,The Hague,26,0, 
2943,,100 %,ÿNew Zealand,Auckland,26,6, 
3765,,100 %,ÿUnited States of America,"Sea Isle City, NJ",26,17, 
3242,,100 %,ÿNorway,Haugesund,26,2, 
3710,,100 %,ÿPortugal,Maia,26,2, 
2751,,100 %,ÿNetherlands,Grootegast,26,9, 
2764,,100 %,ÿNorway,Skudeneshavn,26,3, 
2890,,100 %,ÿCanada,Montreal,25,3, 
2409,,100 %,ÿNetherlands,Sliedrecht,25,5, 
3432,,100 %,ÿUnknown,Roaming station,25,23,MOIN - MMSI 211161020
2385,,100 %,ÿPortugal,Porto,25,0, 
2312,,100 %,ÿUnited Kingdom,Bristol,24,4, 
2098,,100 %,ÿItaly,Palermo,24,24, 
2019,,100 %,ÿCanada,"Victoria, BC",24,4, 
3727,,100 %,ÿUnited States of America,"Boston, MA",24,1, 
2092,,100 %,ÿPortugal,Lisbon,24,1, 
2417,,100 %,ÿJapan,Wakayama Port,24,14, 
2183,,100 %,ÿPortugal,Lisbon,24,7, 
3755,,100 %,ÿGermany,Woltersdorf,24,2, 
3913,,100 %,ÿGermany,Simonsberg,24,23, 
3375,,100 %,ÿSpain,Santander,23,23, 
3409,,38 %,ÿGermany,Hamburg,23,0, 
2320,,100 %,ÿFrance,Brest,23,0, 
2561,,100 %,ÿGermany,Bremerhaven,23,1, 
3478,,100 %,ÿUnited Kingdom,Canvey Island,23,0, 
3238,,96 %,ÿCanada,East Point Saturna Island,23,1, 
2917,,100 %,ÿFrance,Brest,23,0, 
2050,,100 %,ÿEstonia,Tallinn,23,2, 
3110,,100 %,ÿUnited States of America,Vicksburg,23,23, 
2765,,100 %,ÿFrance,Guipavas,23,0, 
2295,,100 %,ÿGermany,Cologne,22,0,inducto Information
2483,,95 %,ÿNetherlands,Nederweert,22,21, 
2069,,100 %,ÿPortugal,Albufeira,22,15, 
2628,,100 %,ÿSweden,Nyk”ping,22,5, 
3237,,100 %,ÿFrance,Castel-Bian Carantec,22,6, 
3465,,100 %,ÿSpain,Fuengirola,22,12, 
2800,,100 %,ÿUnited States of America,San Francisco,22,0, 
2085,,100 %,ÿIreland,Kinsale,21,4, 
3356,,100 %,ÿUnited Kingdom,Musselburgh,21,1, 
2872,,100 %,ÿDenmark,Drag›r,21,1, 
3186,,100 %,ÿUnited Kingdom,Newlyn,21,20, 
2723,,100 %,ÿUnited States of America,Cosmopolis,21,14, 
2895,,100 %,ÿNorway,Indre Arna,21,0, 
2321,,100 %,ÿIreland,Cobh,20,2, 
2089,,100 %,ÿItaly,Trapani,20,20, 
2311,,100 %,ÿGermany,Leer,20,17, 
3319,,100 %,ÿCanada,Toronto,20,2, 
2562,,100 %,ÿNorway,Brostadbotn,20,6, 
2196,,100 %,ÿSweden,Norrt„lje,20,0, 
2647,,100 %,ÿUnited Kingdom,Edinburgh,20,1, 
2678,,100 %,ÿNetherlands,Beverwijk,20,0, 
3753,,100 %,ÿGermany,Minden,20,20, 
2051,,100 %,ÿNorway,Lovund,19,3, 
3568,,100 %,ÿFrance,Vabonne,19,4, 
2477,,100 %,ÿUnited Kingdom,Humber Dock,19,6, 
3189,,100 %,ÿCanada,Vancouver - Fraser River,19,0, 
2260,,100 %,ÿUnited Kingdom,Oban,19,19, 
2656,,100 %,ÿItaly,Cagliari,19,19, 
2780,,96 %,ÿNew Zealand,Christchurch,19,19, 
2793,,100 %,ÿGermany,Wismar,19,5, 
3776,,100 %,ÿUnited States of America,Roaming station,19,17, 
2202,,99 %,ÿCanada,Ucluelet,18,16, 
3177,,100 %,ÿSweden,Visby,18,15, 
2190,,100 %,ÿFinland,Ekenas,18,16, 
2166,,100 %,ÿFrance,Saint Georges de Didonnes,18,0,SailGrib
2454,,100 %,ÿViet Nam,Ho Chi Minh City,18,18, 
3607,,90 %,ÿUnited Kingdom,"Scotland, Edinburgh",18,4, 
2194,,100 %,ÿSerbia,Belgrade,18,18, 
3150,,90 %,ÿArgentina,Ushuaia,18,18, 
2754,,98 %,ÿGermany,Barrien,18,7, 
2756,,100 %,ÿUnited States of America,Baltimore,18,0, 
2778,,100 %,ÿNorway,Troms›,18,0, 
3823,,100 %,ÿUnited States of America,Roaming station,17,9, 
2235,,100 %,ÿUnited States of America,Harvey Cedars NJ ,17,16, 
2255,,100 %,ÿCyprus,Limassol,17,0, 
2876,,81 %,ÿIndonesia,Batang,17,10, 
2129,,39 %,ÿPoland,Szczecin,17,1, 
2939,,100 %,ÿAustria,Loimersdorf,17,9, 
2408,,100 %,ÿUnited States of America,"Vashon Island, WA",17,2, 
2985,,100 %,ÿGermany,Heilbronn,17,5, 
3162,,100 %,ÿFrance,Cl‚den-Cap-Sizun,17,2, 
3498,,100 %,ÿUnited Kingdom,"Hadleigh, Essex",17,0, 
2530,,60 %,ÿUnited States of America,"Key Largo, FL",17,0, 
2937,,100 %,ÿFrance,Rivedoux-Plage,17,0, 
2108,,99 %,ÿAustralia,Sans Souci,17,2, 
2691,,100 %,ÿNetherlands,Utrecht,17,0, 
2707,,90 %,ÿUnited States of America,"Hampton, VA",17,1, 
2725,,100 %,ÿDenmark,Aarhus,17,0, 
3121,,100 %,ÿFinland,Mariehamn,17,13, 
2838,,100 %,ÿAustralia,Geraldton,17,17, 
3498,,100 %,ÿUnited Kingdom,"Hadleigh, Essex",17,0, 
3823,,100 %,ÿUnited States of America,Roaming station,17,9, 
2514,,100 %,ÿUnited Kingdom,Lochgelly,16,3, 
2572,,100 %,ÿFrance,Mandelieu La Napoule,16,13, 
2132,,100 %,ÿSouth Africa,Durban,16,0, 
2028,,100 %,ÿUnited States of America,Roaming station,16,0,http://squidd.io/
2152,,100 %,ÿUnited States of America,Brielle,16,12, 
2411,,100 %,ÿUnited Kingdom,"Ballynahinch, N.Ireland",16,1, 
2442,,100 %,ÿCanada,Montreal,16,1, 
2055,,100 %,ÿUnited Kingdom,London & Poole,16,1, 
2418,,100 %,ÿNorway,rland,16,5, 
2676,,100 %,ÿCanada,Toronto,16,1, 
2738,,98 %,ÿUnited States of America,Huntingdon Valley,16,1, 
2755,,100 %,ÿNetherlands,Nes Ameland,16,12, 
2961,,100 %,ÿUnited States of America,Isle Royale West,16,16, 
3146,,90 %,ÿUnited Kingdom,London,16,0, 
3223,,100 %,ÿUnited States of America,Lakewood,16,3, 
3228,,97 %,ÿFrance,Carantec,16,0, 
3378,,100 %,ÿUnited States of America,"Canada, Redwood City",16,2, 
3429,,100 %,ÿNetherlands,Terneuzen,16,2, 
3633,,100 %,ÿSpain,Murcia,16,10, 
3754,,100 %,ÿGermany,Frstenwalde,16,10, 
2217,,100 %,ÿItaly,Taranto,15,13, 
2207,,100 %,ÿGermany,Wismar,15,3, 
2157,,100 %,ÿNorway,Kolvereid,15,4, 
2506,,100 %,ÿNorway,Lista,15,0, 
2500,,100 %,ÿNetherlands,Drachten,15,1, 
2614,,100 %,ÿUnited States of America,Kingwood,15,15, 
2709,,100 %,ÿNorway,Troms›,15,0, 
2840,,100 %,ÿGermany,Duisburg,15,0, 
2851,,100 %,ÿItaly,Chioggia,15,1, 
2855,,82 %,ÿUnited States of America,Brunswick,15,15, 
2901,,100 %,ÿFrance,Lorient,15,0, 
3056,,100 %,ÿNetherlands,Leiden,15,2, 
3197,,100 %,ÿGreece,Thessaloniki,15,0, 
3304,,100 %,ÿIreland,Newcastle,15,4, 
3427,,100 %,ÿAustralia,Lemon Tree Passage,15,0, 
3492,,97 %,ÿUnited Kingdom,Weymouth,15,0, 
3638,,100 %,ÿUnited Kingdom,Portland,15,0, 
3875,,100 %,ÿUnited Kingdom,Cornwall,15,0, 
2084,,100 %,ÿGreece,Ios,14,11,Ios Hellas
2022,,100 %,ÿJapan,Hamamatsu Hamana,14,14, 
2580,,100 %,ÿDenmark,Frederikssund,14,7, 
2208,,100 %,ÿGermany,Mannheim,14,4, 
2342,,100 %,ÿSweden,Ostra Husby,14,1, 
2162,,94 %,ÿFinland,Kiukainen,14,4, 
2017,,100 %,ÿCanada,Corner Brook,14,14, 
2583,,100 %,ÿUnited Kingdom,Broadford,14,5, 
2440,,100 %,ÿUnited Kingdom,Cardiff,14,4, 
2706,,100 %,ÿCanada,Montreal,14,1, 
2772,,99 %,ÿUnited States of America,San Diego Web Cam (PLE),14,4, 
3416,,95 %,ÿUnited Kingdom,London,14,0, 
3563,,100 %,ÿGermany,Berlin,14,0, 
3676,,100 %,ÿCanada,Kitimat,14,14, 
3918,,100 %,ÿGeorgia,Batumi,14,14, 
2497,,100 %,ÿNetherlands,Warmond,13,1, 
2370,,100 %,ÿTrinidad and Tobago,Chaguaramas,13,13, 
2451,,100 %,ÿSweden,Segersang,13,4, 
2046,,100 %,ÿPortugal,Faial Island,13,0, 
2234,,100 %,ÿSpain,Laracha,13,11,ea1hlh.es
2830,,100 %,ÿNew Zealand,Wellington,13,10, 
2972,,100 %,ÿUnited States of America,San Francisco,13,0, 
2983,,100 %,ÿThailand,Bangkok,13,2, 
3036,,100 %,ÿGreece,Piraeus,13,0, 
3017,,100 %,ÿGermany,Duisburg,13,0, 
3028,,100 %,ÿUnited States of America,"Fairhaven, MA",13,13, 
3082,,100 %,ÿNetherlands,Alphen Aan Den Rijn,13,2, 
3126,,100 %,ÿUnited States of America,"Mililani, HI",13,1, 
3281,,100 %,ÿUnited Kingdom,Felixstowe / Harwich / Mistley,13,0, 
3323,,100 %,ÿSpain,A Coru¤a,13,7, 
3351,,87 %,ÿUnited Kingdom,Shoreham,13,0, 
3368,,100 %,ÿUnited Kingdom,Stornoway,13,13, 
3450,,10 %,ÿPortugal,Ventosa,13,0, 
3461,,100 %,ÿFrance,Th‚oule-sur-Mer,13,9, 
3481,,96 %,ÿUnited Kingdom,Mundesley,13,11, 
3482,,100 %,ÿPhilippines,Cebu,13,12, 
3584,,100 %,ÿIreland,Greystones,13,3, 
3656,,100 %,ÿRussian Federation,Sankt Petersburg,13,13, 
3689,,100 %,ÿDominican Republic,"Santo Domingo, D. N.",13,13, 
3914,,100 %,ÿGermany,Kornwestheim,13,11, 
2038,,100 %,ÿUnited States of America,"Williamstown, WV",12,0, 
2570,,100 %,ÿGermany,Kiel-Suchsdorf,12,0, 
2159,,100 %,ÿUnited Kingdom,Swanage,12,1, 
2271,,100 %,ÿUnited States of America,"Pohick, WV",12,0, 
2327,,99 %,ÿDenmark,"Roenne, Bornholm ",12,12, 
2109,,100 %,ÿSweden,Oskarshamn,12,12, 
2150,,100 %,ÿIreland,Lackenbehy,12,1, 
2560,,94 %,ÿNetherlands,Urk,12,0, 
2508,,100 %,ÿGermany,Neckarwestheim,12,4, 
2362,,84 %,ÿColombia,Buenaventura,12,12,Pacific Pilots
2100,,100 %,ÿUnited States of America,Portsmouth,12,12, 
2553,,100 %,ÿItaly,Pescara ,12,12, 
2660,,100 %,ÿCanada,Sorel-Tracy,12,0, 
2743,,100 %,ÿUnited Kingdom,"Little Clacton, Essex",12,0, 
2759,,100 %,ÿGermany,Bruehl-Baden,12,4, 
2822,,80 %,ÿIndia,Visakhapatnam,12,12, 
2914,,100 %,ÿItaly,Ischia,12,5, 
3114,,100 %,ÿSpain,"Cala Llonga, Menorca",12,12, 
3155,,79 %,ÿFinland,Kokkola,12,12, 
3222,,79 %,ÿSpain,La Coru¤a,12,8, 
3282,,100 %,ÿGermany,Emden,12,6, 
3324,,100 %,ÿUnited Kingdom,London,12,11, 
3910,,100 %,ÿGreece,Ermoupoli Syros,12,9, 
3955,,97 %,ÿGermany,Mnster,12,12, 
2263,,100 %,ÿUnited Kingdom,Wigan,11,0, 
2127,,100 %,ÿNetherlands,Rotterdam,11,0, 
2548,,100 %,ÿNetherlands,Poortugaal,11,0, 
2033,,100 %,ÿUnited States of America,Bodega Bay,11,0,Four Fathom Marine Technology
2382,,100 %,ÿGermany,Offenbach,11,6, 
2421,,90 %,ÿFrance,Plougastel,11,0, 
2434,,100 %,ÿSwitzerland,Pratteln,11,3, 
2581,,72 %,ÿUnited States of America,Detroit,11,5, 
2520,,100 %,ÿAustria,Vienna,11,9, 
2232,,100 %,ÿPortugal,Porto,11,8, 
2600,,100 %,ÿGermany,Hamm,11,11, 
2717,,100 %,ÿGermany,Heilbronn,11,1, 
2728,,98 %,ÿNetherlands,Beuningen,11,0, 
2849,,100 %,ÿNetherlands,Nieuwersluis,11,0, 
2891,,100 %,ÿIndia,Nagercoil,11,11, 
2964,,100 %,ÿCanada,"Oakville, Ontario",11,2, 
2982,,100 %,ÿNorway,Troms›,11,1, 
2989,,100 %,ÿGermany,Gernsheim,11,8, 
2998,,100 %,ÿSweden,Harnosand,11,11, 
3062,,96 %,ÿAustralia,Rockingham,11,5, 
3188,,100 %,ÿKuwait,Kuwait,11,11, 
3205,,100 %,ÿPortugal,Carvoeira,11,11,"TecnoVeritas Services of Engineering & Systems Technology, Ltd"
3245,,100 %,ÿSpain,M laga,11,10, 
3273,,100 %,ÿSweden,Faro,11,8, 
3541,,87 %,ÿSweden,Furuvik,11,11, 
2495,,100 %,ÿUnited States of America,"Duluth, MN",10,1, 
2328,,100 %,ÿCanada,Rimouski,10,1, 
2040,,100 %,ÿViet Nam,HCMC,10,10, 
2496,,99 %,ÿUnited Kingdom,London,10,0, 
2544,,100 %,ÿNew Zealand,Tauranga,10,0, 
2732,,82 %,ÿUnited Kingdom,Rosneath,10,0, 
2898,,100 %,ÿUnited States of America,Burien,10,0, 
2924,,100 %,ÿSpain,O Grove,10,6, 
2935,,100 %,ÿDenmark,Omoe,10,2, 
2948,,100 %,ÿUnited States of America,"Delaware, Fenwick Island",10,6, 
3180,,100 %,ÿJapan,Aichi Takahama,10,10, 
3201,,99 %,ÿCanada,Sorel-Tracy,10,0, 
3298,,100 %,ÿSpain,Baiona,10,10, 
3384,,10 %,ÿGermany,"Bremen, Arsten",10,0, 
3433,,95 %,ÿGermany,Roaming station,10,3,SY Tomea
3639,,100 %,ÿUnited Kingdom,Port of Tyne,10,10, 
2200,,100 %,ÿUnited States of America,"Vienna, VW",9,0, 
2114,,100 %,ÿSpain,Fuerteventura,9,9, 
2239,,100 %,ÿNetherlands,Goor,9,9, 
2197,,93 %,ÿUnited States of America,"Warwick, Rhode Island",9,6, 
2431,,100 %,ÿFrance,Cap Ferret,9,9, 
2427,,100 %,ÿMexico,Cozumel,9,0, 
2479,,100 %,ÿEstonia,Tallinn,9,1, 
2526,,100 %,ÿSpain,Oviedo,9,9, 
2390,,100 %,ÿUnited States of America,Shelton Washington,9,0, 
2082,,100 %,ÿNetherlands,Amsterdam,9,1, 
2784,,22 %,ÿGermany,Emden,0,0, 
2834,,100 %,ÿAustralia,Bunbury,9,0, 
2850,,100 %,ÿBrazil,Fortaleza,9,9,German Aerospace Center (DLR)
3167,,100 %,ÿAustralia,Gladstone,9,9, 
3230,,100 %,ÿUnited States of America,"Port Ludlow, WA",9,7, 
3260,,0 %,ÿNetherlands,Lelystad,9,0,WaterProof B.V.
3264,,30 %,ÿNetherlands,Utrecht,9,1, 
3403,,100 %,ÿSpain,Carboneras,9,9, 
3424,,100 %,ÿDenmark,Holb‘k,9,7, 
3436,,100 %,ÿNetherlands,Ferwoude,9,1, 
3452,,100 %,ÿEstonia,Tallinn,9,0, 
3495,,100 %,ÿUnited Kingdom,"Cornwall, The Lizard",9,2, 
3519,,100 %,ÿUnknown,Roaming station,9,7, 
2280,,99 %,ÿSouth Africa,Cape Town,8,5, 
2168,,100 %,ÿDenmark,Drag›r,8,0, 
3011,,100 %,ÿUnited States of America,"Belpre, Ohio",8,1, 
2286,,91 %,ÿUnited Kingdom,Isle of Islay Scotland,8,7, 
2122,,96 %,ÿNorway,Homborsund,8,0, 
2041,,100 %,ÿUnited States of America,New York,8,0, 
2223,,100 %,ÿGermany,Bremen Winterhafen,8,0, 
2711,,98 %,ÿIndonesia,Sampang,8,8, 
2783,,97 %,ÿGermany,Wunstorf,8,8, 
2866,,100 %,ÿColombia,Puerto Colombia,8,2, 
2913,,99 %,ÿTaiwan (Province of China),Taipei,8,8, 
3160,,100 %,ÿGermany,Wildau,8,1, 
3213,,100 %,ÿUnited States of America,"Merritt Island, FL",8,1, 
3320,,100 %,ÿNetherlands,Venhuizen,8,1, 
3341,,99 %,ÿNetherlands,Amstelveen,8,1, 
3696,,100 %,ÿIreland,"Rashbrooke, Cobh",8,0, 
3803,,7 %,ÿUnited States of America,Pensacola,8,8, 
3832,,100 %,ÿUnited States of America,Indian Harbour Beach,8,8, 
3934,,100 %,ÿUnited States of America,Montclair,8,0, 
2366,,100 %,ÿNorway,Trondheim,7,0, 
2056,,78 %,ÿUnited States of America,New Orleans,7,7, 
2149,,100 %,ÿUnited States of America,"Niceville, FL",7,6, 
2250,,100 %,ÿNetherlands,Zoeterwoude,7,0, 
2587,,100 %,ÿUnited Kingdom,Felixstowe,7,0, 
2568,,95 %,ÿGermany,Wesel,7,7, 
2566,,99 %,ÿEstonia,Tallinn,7,0, 
2245,,100 %,ÿAustralia,Tasmania,7,2, 
2503,,100 %,ÿUnited Kingdom,Ardrossan,7,7, 
2814,,100 %,ÿUnited States of America,Port Huron,7,7, 
3105,,100 %,ÿNetherlands,Roaming station,7,0, 
3204,,99 %,ÿCanada,"Ontario, Burlington",7,1, 
3253,,99 %,ÿFrance,Le M‚e sur Seine,7,7, 
3353,,97 %,ÿFrance,Plouzane,7,0, 
3430,,76 %,ÿGreece,Nafplio Port,7,4, 
3516,,100 %,ÿUnknown,Roaming station,7,3, 
3576,,89 %,ÿItaly,Zagarolo,7,7, 
3655,,100 %,ÿUnited States of America,"Chicago, IL",7,6, 
3971,,72 %,ÿJapan,"Itoigawa-shi, Niigata",7,7, 
2294,,85 %,ÿUnknown,Roaming station,6,0, 
2343,,100 %,ÿUnited States of America,"La Conner, WA",6,0, 
2444,,100 %,ÿUnited States of America,Roaming station,6,5, 
2314,,100 %,ÿNetherlands,Utrecht,6,2, 
2283,,100 %,ÿIsrael,Haifa,6,6, 
2025,,100 %,ÿCanada,"Windsor, Ontario",6,0, 
2014,,99 %,ÿUnited States of America,Fairfield,6,6, 
2330,,100 %,ÿNetherlands,Stein,6,4, 
2476,,100 %,ÿSweden,Norrmj”le,6,6, 
2301,,100 %,ÿNetherlands,Grave,6,0, 
2531,,87 %,ÿGermany,Frankfurt,6,0, 
2309,,100 %,ÿUnited Kingdom,Brighton,6,0, 
2615,,99 %,ÿNew Zealand,Tasman,6,0, 
2646,,83 %,ÿUnited States of America,"Arkwright, NY",6,5, 
2745,,100 %,ÿUnited States of America,Seattle,6,1, 
2752,,100 %,ÿSweden,Grisslehamn,6,3, 
2762,,100 %,ÿSingapore,Singapore,6,0, 
2785,,26 %,ÿHong Kong,Aberdeen,6,4, 
2856,,97 %,ÿGermany,Offenbacher Rudergesellschaft Undine 1876 e. V.,6,1, 
2858,,100 %,ÿGermany,Brandenburg,6,6, 
2927,,100 %,ÿSweden,Lule†,6,6, 
2930,,77 %,ÿCook Islands,Rarotonga,6,6, 
3063,,100 %,ÿUnited Kingdom,Bournemouth,6,0, 
3171,,100 %,ÿNorway,Sokndal,6,1, 
3247,,100 %,ÿUnited States of America,Philadelphia,6,0, 
3326,,99 %,ÿItaly,Lecce,6,3, 
3454,,76 %,ÿUnited States of America,"Tennessee, Eva",6,0, 
2410,,100 %,ÿUnited Kingdom,Gourock,5,0, 
2480,,100 %,ÿSweden,Kungsangen,5,0, 
2450,,100 %,ÿSweden,Trollhattan,5,1, 
2582,,100 %,ÿGermany,Siegburg,5,1, 
2585,,100 %,ÿUnited States of America,"Seattle, WA",5,1, 
2680,,100 %,ÿUnited States of America,"Rockport, ME",5,5, 
2703,,100 %,ÿUnited Arab Emirates,Dubai,5,5,Standard Bulk Shipbrokers
2774,,96 %,ÿFrance,Bidart,5,1, 
2873,,62 %,ÿItaly,Licata,5,5, 
2883,,100 %,ÿKorea,"Nam-gu,Pohang",5,5, 
2999,,94 %,ÿUnited States of America,"Providence, RI",5,2, 
3295,,100 %,ÿNetherlands,Eijsden,5,5, 
3306,,81 %,ÿUnited States of America,"Rockport, MA",5,5, 
3361,,97 %,ÿDenmark,Kors›r,5,4, 
3371,,99 %,ÿSpain,Sanl£car de Barrameda,5,5, 
3493,,98 %,ÿSouth Africa,Gordon's Bay,5,0, 
3514,,98 %,ÿIreland,Baltimore,5,5,
2293,,88 %,ÿUnited States of America,"Florida, Fort Lauderdale",4,0, 
2288,,96 %,ÿAustralia,Johanna,4,4, 
2103,,100 %,ÿUnited Kingdom,London,4,1, 
2172,,90 %,ÿUnited States of America,Navarre FL,4,4, 
2363,,100 %,ÿGermany,Offenbach Brgel,4,0, 
2438,,100 %,ÿUnited Kingdom,"Scotland, Broadford Bay, Isle of Skye",4,0, 
2478,,93 %,ÿUnited Kingdom,Berwick-upon-Tweed,4,4, 
2425,,91 %,ÿNetherlands,Ter Walslage,4,4, 
2220,,90 %,ÿUnited Kingdom,Eccles,4,1, 
2336,,100 %,ÿSweden,Trollh„ttan,4,0, 
2677,,100 %,ÿNetherlands,Loch Lomond,4,1, 
2823,,36 %,ÿDenmark,Kolding,4,4, 
2832,,82 %,ÿNetherlands,Moune Ein / 9214VR / Smalle EE,4,0, 
2875,,88 %,ÿUnited States of America,Isleton,4,4, 
2888,,100 %,ÿUnited States of America,East Rockaway,4,0, 
2968,,82 %,ÿNetherlands,Drachten,4,0, 
3139,,93 %,ÿSpain,"Canary Islands, Tenerife, Playa Paraiso",4,4, 
3243,,97 %,ÿUnited Kingdom,Killyleagh,4,0, 
3257,,95 %,ÿUnited Kingdom,"Hythe, Hampshire",4,0, 
3472,,100 %,ÿGermany,Flensburg,4,4, 
3489,,100 %,ÿBrazil,Maceio,4,4, 
3703,,99 %,ÿUruguay,Roaming station,4,3, 
3951,,82 %,ÿNetherlands,Drachten,4,0, 
2248,,100 %,ÿAustralia,Perth,3,0, 
2368,,98 %,ÿDenmark,Copenhagen ,3,0, 
2307,,60 %,ÿUnited Kingdom,Sully,3,2, 
3048,,100 %,ÿFrance,Poses,3,2, 
2174,,100 %,ÿNew Zealand,Whakatane,3,3, 
2244,,100 %,ÿNetherlands,Almelo,3,1, 
2393,,100 %,ÿNorway,Rognan,3,3, 
2105,,100 %,ÿNetherlands,Spijkenisse,3,0, 
2542,,99 %,ÿAustralia,Shellharbour,3,3, 
2429,,60 %,ÿNetherlands,Rotterdam,3,0, 
2513,,87 %,ÿGermany,Cologne,3,0, 
2524,,94 %,ÿCyprus,Limassol,3,3, 
2645,,100 %,ÿNetherlands,Ouddorp,3,0, 
2665,,43 %,ÿUnited Kingdom,London,3,0, 
2789,,100 %,ÿDenmark,Aabenraa,3,3, 
2829,,99 %,ÿAustralia,Mount Hicks,3,2, 
2941,,66 %,ÿUnknown,Roaming station,3,3, 
2977,,93 %,ÿSweden,Kroksl„tt,3,0, 
3006,,99 %,ÿNetherlands,Heerenveen,3,2, 
3294,,99 %,ÿCzech Republic,Prague,3,3, 
3339,,87 %,ÿUnited States of America,"Chebeague Island, Maine",3,3, 
3349,,100 %,ÿNorway,Hordvik,3,0, 
3366,,100 %,ÿGermany,Lneburg,3,0, 
3385,,100 %,ÿFinland,Parainen,3,1, 
3426,,58 %,ÿUnited Kingdom,"Wales, Anglesey",3,3, 
3671,,65 %,ÿAustralia,"Ballina, NSW",3,3, 
2151,,96 %,ÿNorway,Straume,2,0, 
2264,,100 %,ÿFinland,Uto,2,2, 
2125,,32 %,ÿDenmark,Eg†,2,0, 
2131,,60 %,ÿUnited Kingdom,Newquay-Cornwall,2,1, 
2176,,100 %,ÿGermany,Glueckstadt,2,0, 
2053,,96 %,ÿUnited States of America,"New Jersey, Howell",2,0, 
2592,,100 %,ÿTaiwan (Province of China),"Keelung, National Taiwan Ocean University",2,1, 
2016,,85 %,ÿUnited States of America,Carolina Beach,2,2, 
2437,,100 %,ÿUnited Kingdom,Liverpool,2,0, 
2091,,100 %,ÿGermany,Berlin,2,0, 
2181,,87 %,ÿNorway,Vanersborg,2,0, 
2470,,99 %,ÿNetherlands,Zwolle,2,0, 
2407,,100 %,ÿFinland,Turku,2,0, 
2203,,100 %,ÿSweden,Vanersborg,2,0, 
2604,,100 %,ÿSweden,Sundbyberg,2,1, 
2618,,59 %,ÿVenezuela,Puerto Ordaz,2,2, 
2673,,86 %,ÿIreland,Dublin,2,1, 
2686,,74 %,ÿUnited Kingdom,Brighton,2,0, 
2699,,95 %,ÿUnited Kingdom,Poole,2,0, 
2846,,45 %,ÿIreland,Westport,2,2, 
2854,,73 %,ÿUnited Kingdom,Whitby,2,2, 
2863,,100 %,ÿNetherlands,"Camping Kijkuit, Zonnemaire",2,0, 
2910,,68 %,ÿSpain,Motril,2,2, 
2988,,45 %,ÿSweden,Trollh„ttan,2,0, 
3052,,99 %,ÿNorway,Sandvika,2,0, 
3001,,77 %,ÿUnited States of America,Southport,2,2, 
3134,,87 %,ÿNorway,N‘rsnes,2,1, 
3164,,96 %,ÿCanada,Mississauga,2,0, 
3413,,50 %,ÿUnited States of America,Fairview,2,2, 
3453,,100 %,ÿGermany,Stralsund,2,2, 
3510,,96 %,ÿNetherlands,Ter Apel,2,2, 
3560,,100 %,ÿUnited States of America,"Illinois, Lake Bluff",2,1, 
3640,,63 %,ÿGermany,Greifswald,2,2, 
3705,,60 %,ÿNetherlands,Den Ham,2,0, 
3801,,34 %,ÿIreland,Arranmore Island,2,2, 
3952,,31 %,ÿNorway,Ulsteinvik,2,0, 
3045,,96 %,ÿUnited States of America,New York,1,0, 
2555,,70 %,ÿUnited Kingdom,St. Andrews,1,0, 
2229,,100 %,ÿUnited States of America,New York,1,1, 
2057,,54 %,ÿUnited States of America,Seattle,1,0,SkunkTracker
2364,,68 %,ÿNetherlands,Uithoorn,1,0, 
2045,,9 %,ÿUnited Kingdom,Portsmouth,1,0, 
2494,,100 %,ÿSweden,Ingar”,1,0, 
2482,,98 %,ÿUnited States of America,San Francisco Bay,1,1, 
2419,,94 %,ÿPortugal,Porto Salvo,0,0, 
2420,,99 %,ÿSri Lanka,Talpe,1,1, 
2445,,100 %,ÿNew Zealand,Roaming station,1,1, 
2048,,100 %,ÿSweden,kersberga,1,1, 
3003,,100 %,ÿCanada,"Young Island, Mahone Bay, Nova Scotia",1,1, 
2538,,100 %,ÿUnited States of America,Wilmington,1,1, 
2529,,100 %,ÿUnited States of America,"Arnold, MD",1,1, 
